title,company,address,salery,date,salary_min,salary_max,provence,city,area
嵌入式硬件工程师（双休）,武汉中飞扬测控工程有限公司,武汉-黄陂区,6-8千/月,06-19,6000.0,8000.0,湖北省,武汉,黄陂区
嵌入式硬件工程师,钛深科技（深圳）有限公司,成都-高新区,0.8-1.5万/月,06-19,8000.0,15000.0,四川省,成都,高新区
嵌入式硬件工程师,上海智显光电科技有限公司,上海-闵行区,10-15万/年,06-19,8333.0,12500.0,上海市,上海,闵行区
嵌入式硬件工程师,南京协澳智能控制系统有限公司,南京-鼓楼区,2-3万/月,06-19,20000.0,30000.0,江苏省,南京,鼓楼区
嵌入式硬件工程师（鸿鹄安全公司）,江苏费尔曼安全科技有限公司,徐州,6-8千/月,06-19,6000.0,8000.0,江苏省,徐州,
嵌入式硬件工程师（控制器）,蘑菇物联技术（深圳）有限公司,广州-番禺区,1.2-1.8万/月,06-19,12000.0,18000.0,广东省,广州,番禺区
嵌入式硬件工程师,四川泰和安消防科技有限公司,成都-龙泉驿区,6-8千/月,06-19,6000.0,8000.0,四川省,成都,龙泉驿区
嵌入式硬件工程师,深圳市君派伟业有限公司,深圳-宝安区,1-2.5万/月,06-19,10000.0,25000.0,广东省,深圳,宝安区
嵌入式硬件工程师,上海熠速信息技术有限公司,上海-闵行区,1.2-3万/月,06-19,12000.0,30000.0,上海市,上海,闵行区
嵌入式硬件工程师,无锡江水智能仪表有限公司,无锡-无锡新区,1-1.5万/月,06-19,10000.0,15000.0,江苏省,无锡,无锡新区
嵌入式硬件工程师,宁波胤瑞生物医学仪器有限责任公司...,北京-大兴区,1.2-1.6万/月,06-19,12000.0,16000.0,北京市,北京,大兴区
嵌入式硬件工程师,广州奔想智能科技有限公司,广州-番禺区,6-8千/月,06-19,6000.0,8000.0,广东省,广州,番禺区
嵌入式硬件工程师,杭州胖嘟嘟医疗用品有限公司,杭州-余杭区,1-1.5万/月,06-19,10000.0,15000.0,浙江省,杭州,余杭区
嵌入式硬件工程师,深圳市肯綮科技有限公司,深圳-南山区,6-9千/月,06-19,6000.0,9000.0,广东省,深圳,南山区
嵌入式硬件工程师,武汉启佑生物医疗电子有限公司,武汉-洪山区,0.6-1.5万/月,06-19,6000.0,15000.0,湖北省,武汉,洪山区
嵌入式硬件工程师,上海箱箱物流科技有限公司,上海-徐汇区,1.5-2.5万/月,06-19,15000.0,25000.0,上海市,上海,徐汇区
嵌入式硬件工程师,华南智能机器人创新研究院,佛山-顺德区,1-2万/月,06-19,10000.0,20000.0,广东省,佛山,顺德区
高级嵌入式硬件工程师,广东畅视科技有限公司,广州-黄埔区,1.5-2万/月,06-19,15000.0,20000.0,广东省,广州,黄埔区
嵌入式硬件工程师,上海恪成实业有限公司,上海-松江区,1-1.5万/月,06-19,10000.0,15000.0,上海市,上海,松江区
嵌入式硬件工程师   急聘  GS,深圳市港晟电子有限公司,深圳-龙华新区,1.5-2万/月,06-19,15000.0,20000.0,广东省,深圳,龙华新区
嵌入式硬件工程师,南京威因特智能科技有限公司,南京-江宁区,1-1.5万/月,06-19,10000.0,15000.0,江苏省,南京,江宁区
嵌入式硬件工程师,深圳市天玖隆科技有限公司,深圳-宝安区,1-1.4万/月,06-19,10000.0,14000.0,广东省,深圳,宝安区
嵌入式硬件工程师,深圳市盛弘电气股份有限公司,深圳,1-2万/月,06-19,10000.0,20000.0,广东省,深圳,
嵌入式硬件工程师,南京特尔驰电子科技有限公司,苏州-工业园区,0.8-1.2万/月,06-19,8000.0,12000.0,江苏省,苏州,工业园区
嵌入式硬件工程师,深圳市优力特技术有限公司,深圳-龙华新区,1-1.5万/月,06-19,10000.0,15000.0,广东省,深圳,龙华新区
嵌入式硬件工程师,成都赛来科技有限公司,成都,1-1.5万/月,06-19,10000.0,15000.0,四川省,成都,
嵌入式硬件工程师（应届生优先）,广东粤港澳大湾区协同创新研究院,广州-黄埔区,0.7-1.2万/月,06-19,7000.0,12000.0,广东省,广州,黄埔区
嵌入式硬件工程师,青岛一小步科技有限公司,青岛-崂山区,1-1.5万/月,06-19,10000.0,15000.0,山东省,青岛,崂山区
嵌入式硬件工程师,深圳市兆芯微电子有限公司,深圳-南山区,1-1.5万/月,06-19,10000.0,15000.0,广东省,深圳,南山区
嵌入式硬件工程师,江苏联能电子技术有限公司,扬州,0.6-1万/月,06-19,6000.0,10000.0,江苏省,扬州,
嵌入式硬件工程师,上海凯延计算机科技发展有限公司,上海-嘉定区,0.8-1.6万/月,06-19,8000.0,16000.0,上海市,上海,嘉定区
中高级嵌入式硬件工程师,上海陆杰电子科技有限公司武汉研发...,武汉,1-1.2万/月,06-19,10000.0,12000.0,湖北省,武汉,
嵌入式硬件工程师,山东云转机电科技有限公司,济南-历下区,4-6千/月,06-19,4000.0,6000.0,山东省,济南,历下区
嵌入式硬件工程师,西安星云信通通信科技有限公司,西安-高新技术...,0.8-1万/月,06-19,8000.0,10000.0,陕西省,西安,高新技术...
嵌入式硬件工程师,北京江云智能科技有限公司,北京-朝阳区,1.5-2.5万/月,06-19,15000.0,25000.0,北京市,北京,朝阳区
嵌入式硬件工程师,深圳睿瀚医疗科技有限公司,深圳-宝安区,0.8-1.2万/月,06-19,8000.0,12000.0,广东省,深圳,宝安区
嵌入式硬件工程师,成都点阵科技有限公司,成都,1.5-2.5万/月,06-19,15000.0,25000.0,四川省,成都,
嵌入式硬件工程师,广州市金洪发电子贸易有限公司,佛山,0.8-1.5万/月,06-19,8000.0,15000.0,广东省,佛山,
嵌入式硬件工程师,深圳市飞斯贝尔科技有限公司,深圳-龙岗区,1.5-2万/月,06-19,15000.0,20000.0,广东省,深圳,龙岗区
嵌入式硬件工程师,江苏迪纳数字科技股份有限公司,深圳-南山区,1-1.5万/月,06-19,10000.0,15000.0,广东省,深圳,南山区
嵌入式硬件工程师-中船海洋探测,无锡市人力资源市场,无锡-梁溪区,1-2万/月,06-19,10000.0,20000.0,江苏省,无锡,梁溪区
嵌入式硬件工程师,重庆科昱泽机械设备有限公司,重庆-沙坪坝区,6-8千/月,06-19,6000.0,8000.0,重庆市,重庆,沙坪坝区
嵌入式硬件工程师,东莞市同讯电子科技有限公司,宁波-高新区,1.5-2万/月,06-19,15000.0,20000.0,浙江省,宁波,高新区
自动化工程师 嵌入式硬件工程师 PLC工程师,深圳市致远方物联技术有限公司,深圳,0.8-1.5万/月,06-19,8000.0,15000.0,广东省,深圳,
嵌入式硬件工程师,中邮科技有限责任公司,上海-普陀区,20-30万/年,06-19,16666.0,25000.0,上海市,上海,普陀区
嵌入式硬件工程师,青岛智腾微电子有限公司,青岛-城阳区,10-15万/年,06-19,8333.0,12500.0,山东省,青岛,城阳区
嵌入式硬件工程师,尚秦科技（深圳）有限公司,深圳-龙岗区,1.5-2万/月,06-19,15000.0,20000.0,广东省,深圳,龙岗区
嵌入式硬件工程师,深圳市大道同维科技有限公司,深圳-福田区,5-8千/月,06-16,5000.0,8000.0,广东省,深圳,福田区
嵌入式硬件工程师,四川傲势科技有限公司,成都-高新区,1-1.7万/月,06-16,10000.0,17000.0,四川省,成都,高新区
嵌入式硬件工程师,湖南科瑞特科技有限公司,长沙-岳麓区,6-8千/月,06-16,6000.0,8000.0,湖南省,长沙,岳麓区
嵌入式硬件工程师（周末双休+绩效奖金）,深圳市明月微电子有限公司,深圳-宝安区,0.8-1.5万/月,06-16,8000.0,15000.0,广东省,深圳,宝安区
嵌入式硬件工程师,埃特博兰机电工程设计（昆山）有限...,深圳-龙华新区,1-1.5万/月,06-16,10000.0,15000.0,广东省,深圳,龙华新区
嵌入式硬件工程师,苏州高田精密技术有限公司,苏州-高新区,0.6-1万/月,06-16,6000.0,10000.0,江苏省,苏州,高新区
嵌入式硬件工程师,烟台云都海鹰无人机应用技术有限公...,烟台,0.5-1万/月,06-16,5000.0,10000.0,山东省,烟台,
嵌入式硬件工程师,江苏丰仪同创互联科技有限公司,无锡-无锡新区,0.6-1万/月,06-16,6000.0,10000.0,江苏省,无锡,无锡新区
嵌入式硬件工程师,北京三角洲机器人科技有限公司,北京-朝阳区,1.5-2万/月,06-15,15000.0,20000.0,北京市,北京,朝阳区
嵌入式硬件工程师,深圳市倍轻松科技股份有限公司,深圳-南山区,1.3-2.2万/月,06-15,13000.0,22000.0,广东省,深圳,南山区
嵌入式硬件工程师,重庆国翰能源发展有限公司,重庆,0.8-1万/月,06-15,8000.0,10000.0,重庆市,重庆,
嵌入式硬件工程师,上海米度测控科技有限公司,上海-闵行区,0.8-1.5万/月,06-15,8000.0,15000.0,上海市,上海,闵行区
嵌入式硬件工程师,清华大学苏州汽车研究院,苏州-相城区,1-1.5万/月,06-15,10000.0,15000.0,江苏省,苏州,相城区
嵌入式硬件工程师（自动化）,上海船用柴油机研究所（中国船舶重...,上海,0.8-2万/月,06-15,8000.0,20000.0,上海市,上海,
嵌入式硬件工程师,上海希路智能科技有限公司,上海-闵行区,6-8千/月,06-15,6000.0,8000.0,上海市,上海,闵行区
嵌入式硬件工程师（信息所）,浙江清华长三角研究院,嘉兴,1.8-3.5万/月,06-15,18000.0,35000.0,浙江省,嘉兴,
嵌入式硬件工程师,无锡必创传感科技有限公司,无锡-梁溪区,7-8千/月,06-15,7000.0,8000.0,江苏省,无锡,梁溪区
嵌入式硬件工程师（急聘）,深圳市中和智通智能科技有限公司,深圳-宝安区,1.5-2万/月,06-15,15000.0,20000.0,广东省,深圳,宝安区
嵌入式硬件工程师,无锡市人力资源市场,无锡,1.2-1.6万/月,06-15,12000.0,16000.0,江苏省,无锡,
嵌入式硬件工程师,深圳市赛格导航科技股份有限公司,深圳-龙岗区,6-8千/月,06-15,6000.0,8000.0,广东省,深圳,龙岗区
JD-嵌入式硬件工程师,上海希路智能科技有限公司,上海-闵行区,0.8-1.5万/月,06-15,8000.0,15000.0,上海市,上海,闵行区
嵌入式硬件工程师,四川博源科技有限责任公司,成都-金牛区,1-1.5万/月,06-15,10000.0,15000.0,四川省,成都,金牛区
嵌入式硬件工程师,深圳市飞图视讯有限公司,深圳-宝安区,1-1.6万/月,06-15,10000.0,16000.0,广东省,深圳,宝安区
嵌入式硬件工程师,深圳市新能安华技术有限公司,深圳-宝安区,1-1.5万/月,06-15,10000.0,15000.0,广东省,深圳,宝安区
嵌入式硬件工程师,华瑞福恒（广州）科技有限公司,广州-番禺区,0.6-1.3万/月,06-15,6000.0,13000.0,广东省,广州,番禺区
嵌入式硬件工程师,上海金脉电子科技有限公司,上海-浦东新区,1-1.5万/月,06-15,10000.0,15000.0,上海市,上海,浦东新区
嵌入式硬件工程师,北京馨泽亿家网络科技有限公司,沈阳,6-8千/月,06-15,6000.0,8000.0,辽宁省,沈阳,
硬件工程师/嵌入式硬件工程师/电脑主板维修工程师,上海三创电子科技有限公司,上海-松江区,6-8千/月,06-15,6000.0,8000.0,上海市,上海,松江区
嵌入式硬件工程师,深圳市柏为信息技术有限公司,深圳-福田区,0.8-1.5万/月,06-14,8000.0,15000.0,广东省,深圳,福田区
嵌入式硬件工程师,上海大丁自动化科技有限公司,上海-闵行区,0.7-1.4万/月,06-14,7000.0,14000.0,上海市,上海,闵行区
嵌入式硬件工程师,华通科技有限公司,重庆-渝北区,0.8-1.5万/月,06-14,8000.0,15000.0,重庆市,重庆,渝北区
嵌入式硬件工程师,广东思沃精密机械有限公司,东莞-松山湖区,1-2万/月,06-13,10000.0,20000.0,广东省,东莞,松山湖区
嵌入式硬件工程师 Hardware Development Engineer,博盛（中国）控制器有限公司,青岛-城阳区,1-2万/月,06-13,10000.0,20000.0,山东省,青岛,城阳区
嵌入式硬件工程师,广东聚思电子有限公司,中山,0.8-1万/月,06-13,8000.0,10000.0,广东省,中山,
嵌入式硬件工程师,双登集团股份有限公司,北京-丰台区,1-2万/月,06-12,10000.0,20000.0,北京市,北京,丰台区
嵌入式硬件工程师,天津市英贝特航天科技有限公司,天津,4.5-6千/月,06-12,4500.0,6000.0,天津市,天津,
嵌入式硬件工程师,江阴市富仁高科股份有限公司,无锡-江阴市,1.5-2万/月,06-12,15000.0,20000.0,江苏省,无锡,江阴市
嵌入式硬件工程师,苏州万店掌网络科技有限公司,苏州-高新区,0.9-1.4万/月,06-12,9000.0,14000.0,江苏省,苏州,高新区
嵌入式硬件工程师,哈尔滨今星微电子科技有限公司,哈尔滨,0.5-1万/月,06-12,5000.0,10000.0,黑龙江省,哈尔滨,
嵌入式硬件工程师,无锡中感微电子股份有限公司,南京-浦口区,1-2万/月,06-12,10000.0,20000.0,江苏省,南京,浦口区
嵌入式硬件工程师,武汉三江中电科技有限责任公司,武汉-洪山区,0.8-1.2万/月,06-12,8000.0,12000.0,湖北省,武汉,洪山区
嵌入式硬件工程师,深圳市中科信通信息技术有限公司,深圳-宝安区,1-1.5万/月,06-12,10000.0,15000.0,广东省,深圳,宝安区
嵌入式硬件工程师,西安旭彤电子科技股份有限公司,西安,0.8-1.5万/月,06-12,8000.0,15000.0,陕西省,西安,
嵌入式硬件工程师,广东逸动科技有限公司,东莞,1.5-2万/月,06-12,15000.0,20000.0,广东省,东莞,
嵌入式硬件工程师,海速芯（无锡）科技有限公司,无锡-无锡新区,1-1.5万/月,06-12,10000.0,15000.0,江苏省,无锡,无锡新区
嵌入式硬件工程师,成都思维硅信科技有限责任公司,成都,4-8千/月,06-12,4000.0,8000.0,四川省,成都,
嵌入式硬件工程师,江苏集萃脑机融合智能技术研究所有...,苏州-相城区,15-24万/年,06-12,12500.0,20000.0,江苏省,苏州,相城区
嵌入式硬件工程师（五险一金+包吃住）,郑州枫华实业股份有限公司,郑州-郑东新区,0.6-1万/月,06-12,6000.0,10000.0,河南省,郑州,郑东新区
嵌入式硬件工程师,爱动超越人工智能科技（北京）有限...,北京-东城区,1-1.5万/月,06-12,10000.0,15000.0,北京市,北京,东城区
嵌入式硬件工程师,中仿智能科技（上海）股份有限公司...,上海-松江区,0.8-1.5万/月,06-11,8000.0,15000.0,上海市,上海,松江区
嵌入式硬件工程师,智慧式控股有限公司,成都-双流区,0.8-1万/月,06-11,8000.0,10000.0,四川省,成都,双流区
嵌入式硬件工程师/高级硬件工程师（IoT）,广东百德朗科技有限公司,广州-黄埔区,0.9-1.5万/月,06-11,9000.0,15000.0,广东省,广州,黄埔区
嵌入式硬件工程师,无锡盛景电子科技有限公司,无锡-滨湖区,1.5-2万/月,06-11,15000.0,20000.0,江苏省,无锡,滨湖区
嵌入式硬件工程师,南京美基森信息技术有限公司,南京-秦淮区,1.5-2万/月,06-11,15000.0,20000.0,江苏省,南京,秦淮区
嵌入式硬件工程师,江苏固德威电源科技股份有限公司,苏州,1-1.5万/月,06-11,10000.0,15000.0,江苏省,苏州,
嵌入式硬件工程师,南京谷佰信息科技有限公司,南京-雨花台区,0.8-1.2万/月,06-11,8000.0,12000.0,江苏省,南京,雨花台区
嵌入式硬件工程师,深圳智联时代信息技术有限公司,深圳-南山区,0.8-1万/月,06-11,8000.0,10000.0,广东省,深圳,南山区
嵌入式硬件工程师,宁波智轩物联网科技有限公司,宁波-高新区,0.6-1.2万/月,06-11,6000.0,12000.0,浙江省,宁波,高新区
高级嵌入式硬件工程师,广东敏华电器有限公司,深圳-宝安区,1.5-2.5万/月,06-11,15000.0,25000.0,广东省,深圳,宝安区
嵌入式硬件工程师,湖北贡想实业有限公司,武汉-硚口区,0.8-1.2万/月,06-10,8000.0,12000.0,湖北省,武汉,硚口区
嵌入式硬件工程师,上海华铭智能终端设备股份有限公司...,上海,1.2-1.8万/月,06-10,12000.0,18000.0,上海市,上海,
嵌入式硬件工程师,河南众擎科技有限公司,郑州-中原区,0.7-1.2万/月,06-10,7000.0,12000.0,河南省,郑州,中原区
嵌入式硬件工程师,汉王科技股份有限公司,北京-海淀区,1.2-1.6万/月,06-10,12000.0,16000.0,北京市,北京,海淀区
嵌入式硬件工程师,杭州路格科技有限公司,杭州-江干区,5-8千/月,06-10,5000.0,8000.0,浙江省,杭州,江干区
嵌入式硬件工程师,智联天地（武汉）科技有限公司,武汉-东西湖区,0.8-1万/月,06-10,8000.0,10000.0,湖北省,武汉,东西湖区
嵌入式硬件工程师,深圳市斯迈迪科技发展有限公司,深圳-宝安区,20-30万/年,06-10,16666.0,25000.0,广东省,深圳,宝安区
001嵌入式硬件工程师,杭州微策生物技术有限公司,杭州,6-8千/月,06-10,6000.0,8000.0,浙江省,杭州,
嵌入式硬件工程师,长沙鼎端电子技术有限公司,长沙-开福区,10-15万/年,06-10,8333.0,12500.0,湖南省,长沙,开福区
嵌入式硬件工程师,苏州鸿益丰光电有限公司,苏州-工业园区,0.5-1.2万/月,06-10,5000.0,12000.0,江苏省,苏州,工业园区
嵌入式硬件工程师,江苏立华牧业股份有限公司,常州,1.2-1.6万/月,06-10,12000.0,16000.0,江苏省,常州,
嵌入式硬件工程师,广东每通测控科技股份有限公司,东莞,1.5-2万/月,06-10,15000.0,20000.0,广东省,东莞,
嵌入式硬件工程师,杭州三里电子科技有限公司,杭州-滨江区,0.8-1万/月,06-10,8000.0,10000.0,浙江省,杭州,滨江区
嵌入式硬件工程师,江苏百宁盈创医疗科技有限公司,南京,1.3-2.3万/月,06-09,13000.0,23000.0,江苏省,南京,
嵌入式硬件工程师,杭州巨骐信息科技股份有限公司,杭州-富阳区,10-15万/年,06-09,8333.0,12500.0,浙江省,杭州,富阳区
嵌入式硬件工程师,西安维塑智能科技有限责任公司,西安-未央区,0.8-1万/月,06-09,8000.0,10000.0,陕西省,西安,未央区
嵌入式硬件工程师,北京动力源科技股份有限公司,北京-丰台区,1.2-1.6万/月,06-09,12000.0,16000.0,北京市,北京,丰台区
嵌入式硬件工程师,珠海市磐石电子科技有限公司,珠海,0.6-1.2万/月,06-09,6000.0,12000.0,广东省,珠海,
嵌入式硬件工程师,武汉中元华电科技股份有限公司,武汉-东湖新技...,1-1.5万/月,06-08,10000.0,15000.0,湖北省,武汉,东湖新技...
嵌入式硬件工程师,山东泰开电力电子有限公司,泰安,2-2.5万/月,06-08,20000.0,25000.0,山东省,泰安,
嵌入式硬件工程师,清华珠三角研究院,广州-黄埔区,0.8-1万/月,06-08,8000.0,10000.0,广东省,广州,黄埔区
嵌入式硬件工程师,西安合丰电子科技有限公司,西安-国家民用...,0.8-1万/月,06-08,8000.0,10000.0,陕西省,西安,国家民用...
嵌入式硬件工程师,赫斯默（上海）智能科技有限公司,上海-浦东新区,20-30万/年,06-08,16666.0,25000.0,上海市,上海,浦东新区
嵌入式硬件工程师,福建中科云杉信息技术有限公司,深圳-南山区,1-2万/月,06-08,10000.0,20000.0,广东省,深圳,南山区
嵌入式硬件工程师,南京科唯信过程控制有限公司,南京-江宁区,0.6-1.2万/月,06-08,6000.0,12000.0,江苏省,南京,江宁区
嵌入式硬件工程师,上海嘉瑞微电子有限公司,上海-浦东新区,1-1.5万/月,06-08,10000.0,15000.0,上海市,上海,浦东新区
单片机工程师（嵌入式硬件工程师）,南京北宇新通科技有限公司,南京-浦口区,0.8-1.2万/月,06-08,8000.0,12000.0,江苏省,南京,浦口区
嵌入式硬件工程师,浙江中自庆安新能源技术有限公司,杭州,4-7千/月,06-08,4000.0,7000.0,浙江省,杭州,
嵌入式硬件工程师,日世（中国）投资有限公司,青岛-城阳区,0.5-1万/月,06-07,5000.0,10000.0,山东省,青岛,城阳区
嵌入式硬件工程师,无锡北微传感科技有限公司,无锡,5-8千/月,06-06,5000.0,8000.0,江苏省,无锡,
嵌入式硬件工程师,济南蓝动激光技术有限公司,济宁,1-1.5万/月,06-06,10000.0,15000.0,山东省,济宁,
嵌入式硬件工程师（武汉）,中科芯集成电路有限公司,武汉-东湖新技...,15-20万/年,06-06,12500.0,16666.0,湖北省,武汉,东湖新技...
嵌入式硬件工程师,宁波小匠物联网科技有限公司,宁波-鄞州区,0.8-1万/月,06-06,8000.0,10000.0,浙江省,宁波,鄞州区
嵌入式硬件工程师,山东派蒙机电技术有限公司,济南,1-1.5万/月,06-06,10000.0,15000.0,山东省,济南,
嵌入式硬件工程师,上海智租物流科技有限公司,上海-青浦区,1.8-3万/月,06-05,18000.0,30000.0,上海市,上海,青浦区
嵌入式硬件工程师,上海威派格智慧水务股份有限公司,上海-嘉定区,0.8-1.5万/月,06-05,8000.0,15000.0,上海市,上海,嘉定区
嵌入式硬件工程师,三一重卡,长沙,1.5-3万/月,06-05,15000.0,30000.0,湖南省,长沙,
嵌入式硬件工程师,深圳市铭华航电工艺技术有限公司,深圳-光明新区,1.5-2万/月,06-05,15000.0,20000.0,广东省,深圳,光明新区
嵌入式硬件工程师,江苏安防科技有限公司,南京,1-1.5万/月,06-05,10000.0,15000.0,江苏省,南京,
嵌入式硬件工程师/助理,深圳市明栈信息科技有限公司,深圳-南山区,0.6-1.1万/月,06-05,6000.0,11000.0,广东省,深圳,南山区
嵌入式硬件工程师,浙江航芯科技有限公司,绍兴,1.5-2万/月,06-05,15000.0,20000.0,浙江省,绍兴,
嵌入式硬件工程师,四川旱靚电气有限公司,成都-郫都区,0.8-1万/月,06-04,8000.0,10000.0,四川省,成都,郫都区
嵌入式硬件工程师助理,山东正心医疗科技有限公司,苏州,6-8万/年,06-04,5000.0,6666.0,江苏省,苏州,
嵌入式硬件工程师,中科彭州智慧产业创新中心有限公司...,成都-双流区,0.6-1.2万/月,06-04,6000.0,12000.0,四川省,成都,双流区
嵌入式硬件工程师,常州敏杰电器有限公司,常州,10-20万/年,06-04,8333.0,16666.0,江苏省,常州,
嵌入式硬件工程师,中科美时美课科技（宁波）有限公司...,宁波-鄞州区,4.5-8千/月,06-04,4500.0,8000.0,浙江省,宁波,鄞州区
嵌入式硬件工程师,杭州华鼎太阳能科技有限公司,杭州-下城区,0.8-1.2万/月,06-04,8000.0,12000.0,浙江省,杭州,下城区
嵌入式硬件工程师,南京溯远基因科技有限公司,南京-玄武区,1-1.5万/月,06-04,10000.0,15000.0,江苏省,南京,玄武区
嵌入式硬件工程师,深圳市新威尔电子有限公司,深圳-福田区,1-2万/月,06-04,10000.0,20000.0,广东省,深圳,福田区
嵌入式硬件工程师,江苏德高物联技术有限公司,南通,4.5-6.5千/月,06-04,4500.0,6500.0,江苏省,南通,
嵌入式硬件工程师,中安创科（深圳）技术有限公司,深圳-龙华新区,1-1.5万/月,06-03,10000.0,15000.0,广东省,深圳,龙华新区
嵌入式硬件工程师,长光禹辰信息技术与装备（青岛）有...,青岛-城阳区,0.7-1.2万/月,06-03,7000.0,12000.0,山东省,青岛,城阳区
嵌入式硬件工程师,深圳市达城威电子科技有限公司,深圳-龙岗区,1.2-2万/月,06-03,12000.0,20000.0,广东省,深圳,龙岗区
嵌入式硬件工程师,山东华夏高科信息股份有限公司,临沂,6-8千/月,06-03,6000.0,8000.0,山东省,临沂,
嵌入式硬件工程师,无锡美驱科技有限公司,无锡-无锡新区,0.8-1万/月,06-03,8000.0,10000.0,江苏省,无锡,无锡新区
嵌入式硬件工程师,深圳市四方电气技术有限公司,深圳-宝安区,1.5-2万/月,06-03,15000.0,20000.0,广东省,深圳,宝安区
嵌入式硬件工程师/YX,深圳云天励飞技术有限公司,深圳-南山区,1-2万/月,06-03,10000.0,20000.0,广东省,深圳,南山区
嵌入式硬件工程师（中高级）,金税信息技术服务股份有限公司,广州-天河区,1.5-2.5万/月,06-03,15000.0,25000.0,广东省,广州,天河区
实习嵌入式硬件工程师,广州掇月信息科技有限公司,广州-天河区,3-4.5千/月,06-03,3000.0,4500.0,广东省,广州,天河区
嵌入式硬件工程师,成都阜特科技股份有限公司,成都,0.8-1.5万/月,06-02,8000.0,15000.0,四川省,成都,
嵌入式硬件工程师,青岛海龙马电子有限公司,青岛-城阳区,0.4-1万/月,06-02,4000.0,10000.0,山东省,青岛,城阳区
嵌入式硬件工程师,武汉欣海远航科技研发有限公司,武汉-武昌区,0.6-1.5万/月,06-02,6000.0,15000.0,湖北省,武汉,武昌区
嵌入式硬件工程师,天津亿拓企业管理咨询有限公司,天津-南开区,0.5-1.5万/月,06-02,5000.0,15000.0,天津市,天津,南开区
嵌入式硬件工程师（五险双休）,大连凤凰树网络科技有限公司,大连-高新园区,4.5-6千/月,06-02,4500.0,6000.0,辽宁省,大连,高新园区
双休 五险一金 嵌入式硬件工程师,西安法拉第电子科技有限公司,西安-长安区,0.5-1万/月,06-02,5000.0,10000.0,陕西省,西安,长安区
嵌入式硬件工程师,青岛钢铁侠科技有限公司,青岛-黄岛区,0.8-1万/月,06-02,8000.0,10000.0,山东省,青岛,黄岛区
嵌入式硬件工程师,陕西精度电子科技有限公司,西安-长安区,0.5-1.5万/月,06-02,5000.0,15000.0,陕西省,西安,长安区
高级嵌入式硬件工程师,湖南海森格诺信息技术有限公司,长沙,10-15万/年,06-02,8333.0,12500.0,湖南省,长沙,
嵌入式硬件工程师,江苏铠硕信息技术有限公司,南京-建邺区,1.3-1.8万/月,06-02,13000.0,18000.0,江苏省,南京,建邺区
嵌入式硬件工程师,长缆电工科技股份有限公司,长沙-望城区,8-10万/年,06-02,6666.0,8333.0,湖南省,长沙,望城区
嵌入式硬件工程师,乐歌人体工学科技股份有限公司,宁波,15-30万/年,06-02,12500.0,25000.0,浙江省,宁波,
嵌入式硬件工程师（实习）,深圳市东方时通科技发展有限公司,深圳-福田区,0.6-1万/月,06-02,6000.0,10000.0,广东省,深圳,福田区
嵌入式硬件工程师,浙江地芯引力科技有限公司,深圳-宝安区,1.2-2.4万/月,06-01,12000.0,24000.0,广东省,深圳,宝安区
嵌入式硬件工程师,深圳市研赛科技有限公司,深圳-南山区,1.5-1.8万/月,06-01,15000.0,18000.0,广东省,深圳,南山区
嵌入式硬件工程师,北京洛诚科技有限公司,北京-海淀区,1.5-2万/月,06-01,15000.0,20000.0,北京市,北京,海淀区
嵌入式硬件工程师,南京宽诚科技有限公司,南京-栖霞区,0.8-1万/月,06-01,8000.0,10000.0,江苏省,南京,栖霞区
嵌入式硬件工程师,上海升川软件开发有限公司,上海,1-1.5万/月,06-01,10000.0,15000.0,上海市,上海,
嵌入式硬件工程师,广东宽普科技股份有限公司,佛山,0.7-1.2万/月,05-31,7000.0,12000.0,广东省,佛山,
嵌入式硬件工程师,南京凯奥思数据技术有限公司,南京-雨花台区,0.8-1万/月,05-31,8000.0,10000.0,江苏省,南京,雨花台区
嵌入式硬件工程师,深圳市晶之上电子科技有限公司,深圳-龙华新区,0.8-1万/月,05-31,8000.0,10000.0,广东省,深圳,龙华新区
嵌入式硬件工程师,上海明厦物联网科技有限公司,上海-闵行区,1.5-2万/月,05-31,15000.0,20000.0,上海市,上海,闵行区
嵌入式硬件工程师,广州佳和立创科技发展有限公司,广州-天河区,6-8千/月,05-30,6000.0,8000.0,广东省,广州,天河区
嵌入式硬件工程师,航天凯天环保科技股份有限公司,长沙-长沙县,0.7-1万/月,05-30,7000.0,10000.0,湖南省,长沙,长沙县
嵌入式硬件工程师,广东高谷科技有限公司,东莞,0.8-1.5万/月,05-30,8000.0,15000.0,广东省,东莞,
嵌入式硬件工程师,小驴机器人（武汉）有限公司,武汉-东湖新技...,1-1.5万/月,05-29,10000.0,15000.0,湖北省,武汉,东湖新技...
嵌入式硬件工程师,杭州为峰智能科技有限公司,杭州-余杭区,1-2万/月,05-29,10000.0,20000.0,浙江省,杭州,余杭区
嵌入式硬件工程师,苏州钧舵机器人有限公司,苏州-吴江区,1-1.5万/月,05-29,10000.0,15000.0,江苏省,苏州,吴江区
嵌入式硬件工程师,江苏都万电子科技有限公司,南京-栖霞区,6-8千/月,05-28,6000.0,8000.0,江苏省,南京,栖霞区
嵌入式硬件工程师,辽宁金华泽信息技术服务有限公司,沈阳-浑南区,6-8千/月,05-28,6000.0,8000.0,辽宁省,沈阳,浑南区
嵌入式硬件工程师,杭州天启企业管理有限公司,杭州-滨江区,1.5-2万/月,05-28,15000.0,20000.0,浙江省,杭州,滨江区
嵌入式硬件工程师,上海创力集团股份有限公司,上海-青浦区,1-1.5万/月,05-28,10000.0,15000.0,上海市,上海,青浦区
嵌入式硬件工程师,美核电气（济南）股份有限公司,济南-高新区,0.8-1.5万/月,05-27,8000.0,15000.0,山东省,济南,高新区
嵌入式硬件工程师,广州九图信息科技有限公司,广州-黄埔区,0.8-1万/月,05-27,8000.0,10000.0,广东省,广州,黄埔区
嵌入式硬件工程师,中航通科技发展（天津）有限公司,天津-津南区,6-8千/月,05-27,6000.0,8000.0,天津市,天津,津南区
高级嵌入式硬件工程师,陕西瑞迅电子信息技术有限公司,西安-高新技术...,1-2万/月,05-27,10000.0,20000.0,陕西省,西安,高新技术...
002嵌入式硬件工程师,杭州臻稀生物科技有限公司,杭州,1-1.5万/月,05-27,10000.0,15000.0,浙江省,杭州,
嵌入式硬件工程师,无锡矽鼎科技有限公司,无锡,1-1.5万/月,05-26,10000.0,15000.0,江苏省,无锡,
嵌入式硬件工程师,上海鹰钛智能科技有限公司,上海-浦东新区,0.8-1.5万/月,05-26,8000.0,15000.0,上海市,上海,浦东新区
嵌入式硬件工程师,上海莘翔自动化科技有限公司,上海-松江区,1-1.5万/月,05-26,10000.0,15000.0,上海市,上海,松江区
嵌入式硬件工程师,深圳市百灵佳科技有限公司,深圳-福田区,0.7-1.2万/月,05-26,7000.0,12000.0,广东省,深圳,福田区
硬件工程师/嵌入式硬件工程师,深圳市标品电子科技有限公司,深圳-南山区,1.5-2万/月,05-26,15000.0,20000.0,广东省,深圳,南山区
嵌入式硬件工程师,深圳市文德智控科技有限公司,深圳-南山区,1.2-2万/月,05-26,12000.0,20000.0,广东省,深圳,南山区
嵌入式硬件工程师,湖南鼎一致远科技发展有限公司,益阳,1-1.5万/月,05-26,10000.0,15000.0,湖南省,益阳,
嵌入式硬件工程师,江苏集能易新能源技术有限公司,常州-溧阳市,4.5-6千/月,05-26,4500.0,6000.0,江苏省,常州,溧阳市
嵌入式硬件工程师,安徽零点精密机械有限责任公司,合肥,15-20万/年,05-25,12500.0,16666.0,安徽省,合肥,
嵌入式硬件工程师,广州敦和信息技术有限公司,广州-黄埔区,0.8-1.1万/月,05-25,8000.0,11000.0,广东省,广州,黄埔区
嵌入式硬件工程师,杭州易和互联软件技术有限公司,杭州-滨江区,1-2万/月,05-25,10000.0,20000.0,浙江省,杭州,滨江区
嵌入式硬件工程师,德州芯兴电子科技有限公司,济南,0.8-1万/月,05-24,8000.0,10000.0,山东省,济南,
嵌入式硬件工程师,东莞朗勤电子科技有限公司,东莞,0.8-1万/月,05-24,8000.0,10000.0,广东省,东莞,
嵌入式硬件工程师,成都普创通信技术股份有限公司,成都,0.8-1万/月,05-23,8000.0,10000.0,四川省,成都,
嵌入式硬件工程师,北京众智信安信息技术研究院,北京-海淀区,1-1.5万/月,05-23,10000.0,15000.0,北京市,北京,海淀区
嵌入式硬件工程师,厦门宏发开关设备有限公司,厦门,15-20万/年,05-23,12500.0,16666.0,福建省,厦门,
嵌入式硬件工程师,深圳志蓝技术有限公司,深圳-南山区,1-2.5万/月,05-23,10000.0,25000.0,广东省,深圳,南山区
嵌入式硬件工程师,杭州云动智能汽车技术有限公司,杭州-余杭区,1-1.5万/月,05-23,10000.0,15000.0,浙江省,杭州,余杭区
嵌入式硬件工程师,宜通世纪科技股份有限公司,广州-天河区,0.7-1.2万/月,05-23,7000.0,12000.0,广东省,广州,天河区
嵌入式硬件工程师,南京音飞储存设备（集团）股份有限...,南京-江宁区,6-8千/月,05-23,6000.0,8000.0,江苏省,南京,江宁区
嵌入式硬件工程师（物联网）,郑州诚毅物联网技术有限公司,郑州-中原区,0.6-1.2万/月,05-22,6000.0,12000.0,河南省,郑州,中原区
嵌入式硬件工程师,星展测控科技股份有限公司,西安-经济技术...,8-10万/年,05-22,6666.0,8333.0,陕西省,西安,经济技术...
嵌入式硬件工程师,安谷科技股份有限公司,广州-黄埔区,1.5-2.5万/月,05-21,15000.0,25000.0,广东省,广州,黄埔区
嵌入式硬件工程师,深圳旭宏医疗科技有限公司,深圳-南山区,1.5-3万/月,05-21,15000.0,30000.0,广东省,深圳,南山区
嵌入式硬件工程师,苏州和阳智能制造股份有限公司,苏州-工业园区,0.6-1.5万/月,05-21,6000.0,15000.0,江苏省,苏州,工业园区
嵌入式硬件工程师,重庆剑涛科技有限公司,重庆-渝北区,4-8千/月,05-21,4000.0,8000.0,重庆市,重庆,渝北区
嵌入式硬件工程师,深圳市墨知创新科技有限公司,深圳-南山区,1.3-2.5万/月,05-21,13000.0,25000.0,广东省,深圳,南山区
轨道交通技术研究院嵌入式硬件工程师,通号（北京）轨道工业集团有限公司...,北京-大兴区,2-2.5万/月,05-20,20000.0,25000.0,北京市,北京,大兴区
资深嵌入式硬件工程师,毕恩人力资源顾问（深圳）有限公司...,深圳,1.5-3万/月,05-20,15000.0,30000.0,广东省,深圳,
嵌入式硬件工程师,上海邦诚电信技术股份有限公司,上海-普陀区,1-1.5万/月,05-20,10000.0,15000.0,上海市,上海,普陀区
嵌入式硬件工程师,西安奥宇电力科技有限责任公司,西安,11-18万/年,05-20,9166.0,15000.0,陕西省,西安,
嵌入式硬件工程师,西安睿控创合电子科技有限公司,西安,4.5-6千/月,05-20,4500.0,6000.0,陕西省,西安,
嵌入式硬件工程师,四川瑞霆电力科技有限公司,成都-高新区,1-1.5万/月,05-19,10000.0,15000.0,四川省,成都,高新区
嵌入式硬件工程师,上海潓美医疗科技有限公司,上海-嘉定区,1.5-3万/月,05-19,15000.0,30000.0,上海市,上海,嘉定区
嵌入式硬件工程师,北京中矿信实煤炭科学技术研究院,北京-海淀区,0.8-1.5万/月,05-18,8000.0,15000.0,北京市,北京,海淀区
嵌入式硬件工程师,上海服泽能源科技有限公司,上海-黄浦区,6-8千/月,05-18,6000.0,8000.0,上海市,上海,黄浦区
嵌入式硬件工程师,上海复旦网络信息工程有限公司,上海-杨浦区,1.5-2万/月,05-18,15000.0,20000.0,上海市,上海,杨浦区
初级嵌入式硬件工程师,北京艾力泰尔信息技术股份有限公司...,北京-海淀区,5-8千/月,05-17,5000.0,8000.0,北京市,北京,海淀区
嵌入式硬件工程师,广州智丰电气科技有限公司,广州-海珠区,6-8千/月,05-17,6000.0,8000.0,广东省,广州,海珠区
高级嵌入式硬件工程师（中科实数）,广州中国科学院软件应用技术研究所...,广州-南沙区,0.8-1.5万/月,05-16,8000.0,15000.0,广东省,广州,南沙区
嵌入式硬件工程师,江苏易立电气股份有限公司,南京-玄武区,0.6-1万/月,05-16,6000.0,10000.0,江苏省,南京,玄武区
嵌入式硬件工程师,天津维晟微科技有限公司,天津-滨海新区,0.8-1.5万/月,05-16,8000.0,15000.0,天津市,天津,滨海新区
嵌入式硬件工程师,南昌蛋讯电子科技有限公司,南昌-青云谱区,6-8千/月,05-15,6000.0,8000.0,江西省,南昌,青云谱区
嵌入式硬件工程师,上海颐柏科技股份有限公司,上海-青浦区,0.8-1万/月,05-15,8000.0,10000.0,上海市,上海,青浦区
嵌入式硬件工程师,武汉朗宇智能科技有限公司,武汉-江夏区,0.8-1.5万/月,05-15,8000.0,15000.0,湖北省,武汉,江夏区
嵌入式硬件工程师,上海泗博自动化技术有限公司,上海,0.7-2万/月,05-15,7000.0,20000.0,上海市,上海,
嵌入式硬件工程师,哈尔滨船海智能装备科技有限公司,哈尔滨-南岗区,4.5-6千/月,05-14,4500.0,6000.0,黑龙江省,哈尔滨,南岗区
嵌入式硬件工程师,中国航天科工集团第二研究院206所,洛阳,10-15万/年,05-14,8333.0,12500.0,河南省,洛阳,
嵌入式硬件工程师,天津芯慧鸿业科技发展有限公司,天津-南开区,4.5-6千/月,05-14,4500.0,6000.0,天津市,天津,南开区
嵌入式硬件工程师,中国科学院上海技术物理研究所苏州...,苏州-工业园区,0.7-1.2万/月,05-14,7000.0,12000.0,江苏省,苏州,工业园区
嵌入式硬件工程师,杭州赛加得传感器有限公司,杭州-余杭区,1.5-2万/月,05-14,15000.0,20000.0,浙江省,杭州,余杭区
嵌入式硬件工程师,南京大得科技有限公司,南京-雨花台区,4.5-6千/月,05-14,4500.0,6000.0,江苏省,南京,雨花台区
嵌入式硬件工程师,北京中宸泓昌科技有限公司,武汉-东湖新技...,1-2万/月,05-13,10000.0,20000.0,湖北省,武汉,东湖新技...
嵌入式硬件工程师,上海飞智电子科技有限公司,上海-杨浦区,1.5-2万/月,05-13,15000.0,20000.0,上海市,上海,杨浦区
嵌入式硬件工程师,南京正泽科技股份有限公司,南京-雨花台区,1.2-2.4万/月,05-13,12000.0,24000.0,江苏省,南京,雨花台区
嵌入式硬件工程师,湖南神通智能股份有限公司,长沙-开福区,0.7-1.2万/月,05-13,7000.0,12000.0,湖南省,长沙,开福区
嵌入式硬件工程师,威斯巴特科技（宁波）有限公司,宁波-海曙区,0.8-1万/月,05-13,8000.0,10000.0,浙江省,宁波,海曙区
MCU嵌入式硬件工程师,深圳市禾望电气股份有限公司,深圳,0.8-1.5万/月,05-13,8000.0,15000.0,广东省,深圳,
嵌入式硬件工程师,南京低功耗芯片技术研究院有限公司...,南京-浦口区,0.8-1.5万/月,05-12,8000.0,15000.0,江苏省,南京,浦口区
嵌入式硬件工程师,保定朗信电子科技有限公司,保定,0.6-1.5万/月,05-12,6000.0,15000.0,河北省,保定,
嵌入式硬件工程师,郑州保易付信息技术有限公司,郑州-中原区,6-8千/月,05-11,6000.0,8000.0,河南省,郑州,中原区
嵌入式硬件工程师,青岛迈斯智能技术有限公司,青岛-市北区,0.6-1.2万/月,05-10,6000.0,12000.0,山东省,青岛,市北区
嵌入式硬件工程师,珠海迈锐达科技有限公司,南京,2-2.5万/月,05-09,20000.0,25000.0,江苏省,南京,
嵌入式硬件工程师,南京泽海船舶电器设备有限公司,南京-江宁区,0.8-2万/月,05-08,8000.0,20000.0,江苏省,南京,江宁区
嵌入式硬件工程师,成都易明半导体有限公司,成都,0.7-1万/月,05-07,7000.0,10000.0,四川省,成都,
嵌入式硬件工程师 （明志维卡软件公司）,中科云智孵化器,东莞-石龙镇,0.8-1.5万/月,05-06,8000.0,15000.0,广东省,东莞,石龙镇
嵌入式硬件工程师,无锡华控机电科技有限公司,无锡-无锡新区,0.6-1.5万/月,05-06,6000.0,15000.0,江苏省,无锡,无锡新区
嵌入式硬件工程师,上海时享周流贸易有限公司,上海-静安区,0.8-1.5万/月,05-06,8000.0,15000.0,上海市,上海,静安区
嵌入式硬件工程师,武汉海亿新能源科技有限公司,武汉,0.8-1.5万/月,05-05,8000.0,15000.0,湖北省,武汉,
嵌入式硬件工程师,上海梓一测控技术有限公司,上海-徐汇区,0.8-1.5万/月,05-04,8000.0,15000.0,上海市,上海,徐汇区
嵌入式硬件工程师（射频）,中科芯集成电路股份有限公司南京分...,南京-浦口区,1-1.5万/月,05-03,10000.0,15000.0,江苏省,南京,浦口区
嵌入式硬件工程师,双杰电气合肥有限公司,合肥-长丰县,0.8-1.6万/月,05-02,8000.0,16000.0,安徽省,合肥,长丰县
嵌入式硬件工程师,同辉电子科技股份有限公司,石家庄,0.8-1.2万/月,05-02,8000.0,12000.0,河北省,石家庄,
嵌入式硬件工程师,广州晶伦自动化设备有限公司,广州-番禺区,0.8-1.5万/月,05-01,8000.0,15000.0,广东省,广州,番禺区
嵌入式硬件工程师（汽车电子）,上海金盏企业管理有限公司,上海-浦东新区,0.9-1.1万/月,04-30,9000.0,11000.0,上海市,上海,浦东新区
柔性电子材料与应用技术创新中心 嵌入式硬件工程师,中国科学院宁波材料技术与工程研究...,宁波-镇海区,0.8-1.5万/月,04-30,8000.0,15000.0,浙江省,宁波,镇海区
嵌入式硬件工程师,西安山海鲲鸿信息科技有限公司,西安-新城区,3.5-6千/月,04-30,3500.0,6000.0,陕西省,西安,新城区
嵌入式硬件工程师,宁波海大物联科技有限公司,宁波,0.8-1.2万/月,04-30,8000.0,12000.0,浙江省,宁波,
嵌入式硬件工程师,无锡边缘微电子科技有限公司,无锡-滨湖区,0.7-1.4万/月,04-30,7000.0,14000.0,江苏省,无锡,滨湖区
嵌入式硬件工程师,深圳微希科技有限公司,深圳-南山区,0.9-2万/月,04-28,9000.0,20000.0,广东省,深圳,南山区
嵌入式硬件工程师,重庆固高科技长江研究院有限公司,重庆-永川区,0.7-1万/月,04-28,7000.0,10000.0,重庆市,重庆,永川区
嵌入式硬件工程师,浙江赛思电子科技有限公司,嘉兴,1-2万/月,04-28,10000.0,20000.0,浙江省,嘉兴,
嵌入式硬件工程师,山东万腾电子科技有限公司,济南-高新区,0.5-1万/月,04-28,5000.0,10000.0,山东省,济南,高新区
嵌入式硬件工程师,南京魔迪多维数码科技有限公司,南京-栖霞区,6-8千/月,04-27,6000.0,8000.0,江苏省,南京,栖霞区
嵌入式硬件工程师,深圳市猛犸智能有限公司,深圳-宝安区,15-30万/年,04-27,12500.0,25000.0,广东省,深圳,宝安区
嵌入式硬件工程师,深圳市几维兔贸易有限公司,深圳-宝安区,0.7-1.5万/月,04-27,7000.0,15000.0,广东省,深圳,宝安区
资深嵌入式硬件工程师,武汉昊博科技有限公司,武汉,1-1.5万/月,04-27,10000.0,15000.0,湖北省,武汉,
嵌入式硬件工程师（军工安防方向）,陕西天诚软件有限公司,西安,0.9-1.4万/月,04-26,9000.0,14000.0,陕西省,西安,
嵌入式硬件工程师,浙江大学微小卫星研究中心,杭州-西湖区,0.7-1.5万/月,04-26,7000.0,15000.0,浙江省,杭州,西湖区
嵌入式硬件工程师,河南力安测控科技有限公司,郑州,1-1.5万/月,04-26,10000.0,15000.0,河南省,郑州,
嵌入式硬件工程师,中设设计集团股份有限公司,南京-秦淮区,10-15万/年,04-25,8333.0,12500.0,江苏省,南京,秦淮区
嵌入式硬件工程师,深圳市品健电子有限公司,深圳-南山区,2-2.5万/月,04-24,20000.0,25000.0,广东省,深圳,南山区
嵌入式硬件工程师,陕西金蝌蚪智能科技有限公司,西安-高新技术...,1-1.5万/月,04-24,10000.0,15000.0,陕西省,西安,高新技术...
嵌入式硬件工程师,武汉中原电子信息有限公司,武汉-洪山区,0.8-1万/月,04-24,8000.0,10000.0,湖北省,武汉,洪山区
嵌入式硬件工程师,苏州工业园区新国大研究院,苏州,6-8千/月,04-22,6000.0,8000.0,江苏省,苏州,
嵌入式硬件工程师,西安讯捷通光电科技有限公司,西安-雁塔区,5-7千/月,04-22,5000.0,7000.0,陕西省,西安,雁塔区
米字能源 嵌入式硬件工程师,“高校联盟云春招”特别招聘,武汉-东湖新技...,1-1.5万/月,04-22,10000.0,15000.0,湖北省,武汉,东湖新技...
嵌入式硬件工程师,西安睿控创合电子科技有限公司,西安,6-8万/年,04-22,5000.0,6666.0,陕西省,西安,
高级嵌入式硬件工程师,中电海康集团有限公司,杭州-余杭区,15-20万/年,04-22,12500.0,16666.0,浙江省,杭州,余杭区
嵌入式硬件工程师 月薪8K,深圳市新路程人力资源有限公司,深圳-龙岗区,6-8千/月,04-22,6000.0,8000.0,广东省,深圳,龙岗区
嵌入式硬件工程师,成都爱控电子科技有限公司,成都,6-8千/月,04-22,6000.0,8000.0,四川省,成都,
嵌入式硬件工程师,力容新能源技术（天津）有限公司,南京-江宁区,1-2.6万/月,04-21,10000.0,26000.0,江苏省,南京,江宁区
嵌入式硬件工程师,深圳市峰实电子技术有限公司,深圳-宝安区,6-8千/月,04-21,6000.0,8000.0,广东省,深圳,宝安区
嵌入式硬件工程师,四零易联（苏州）智能科技有限公司...,苏州-工业园区,6-8千/月,04-21,6000.0,8000.0,江苏省,苏州,工业园区
嵌入式硬件工程师,南京聚特机器人技术有限公司,南京-江宁区,1-1.5万/月,04-21,10000.0,15000.0,江苏省,南京,江宁区
嵌入式硬件工程师,南京未来里物联科技有限公司,南京-浦口区,0.8-1.5万/月,04-20,8000.0,15000.0,江苏省,南京,浦口区
嵌入式硬件工程师,常州明景公司,常州-钟楼区,0.6-1.5万/月,04-20,6000.0,15000.0,江苏省,常州,钟楼区
嵌入式硬件工程师,乐聚（深圳）机器人技术有限公司,深圳-南山区,0.8-1.5万/月,04-20,8000.0,15000.0,广东省,深圳,南山区
嵌入式硬件工程师,四川知周科技有限责任公司,成都-高新区,0.5-1.5万/月,04-20,5000.0,15000.0,四川省,成都,高新区
003嵌入式硬件工程师,杭州华智超成技术有限公司,杭州,0.8-1万/月,04-19,8000.0,10000.0,浙江省,杭州,
嵌入式软件工程师,武汉邢仪新未来电力科技股份有限公...,武汉,6-8千/月,06-19,6000.0,8000.0,湖北省,武汉,
嵌入式硬件开发工程师,广州亚美信息科技有限公司,广州,1.3-2.5万/月,06-19,13000.0,25000.0,广东省,广州,
嵌入式硬件开发工程师,成都至诚恒远物联网技术有限公司,成都-金牛区,6-8千/月,06-19,6000.0,8000.0,四川省,成都,金牛区
嵌入式硬件开发工程师,西安环太科技发展有限公司,西安-高新技术...,1-2万/月,06-19,10000.0,20000.0,陕西省,西安,高新技术...
嵌入式工程师,广东嘉源环境科技有限公司,广州-黄埔区,1.5-2万/月,06-19,15000.0,20000.0,广东省,广州,黄埔区
嵌入式硬件开发工程师,力新仪器（上海）有限公司,上海,0.8-1.5万/月,06-19,8000.0,15000.0,上海市,上海,
嵌入式硬件开发工程师,珠海志美智能科技有限公司,珠海-香洲区,1-1.5万/月,06-19,10000.0,15000.0,广东省,珠海,香洲区
嵌入式硬件开发工程师（研发中心）,广东安居宝数码科技股份有限公司,广州-黄埔区,0.8-1.5万/月,06-19,8000.0,15000.0,广东省,广州,黄埔区
QT/C++软件工程师,上海电器科学研究所（集团）有限公...,上海-普陀区,10-20万/年,06-19,8333.0,16666.0,上海市,上海,普陀区
嵌入式硬件开发工程师,杭州爱华仪器有限公司,杭州-余杭区,0.7-1.5万/月,06-19,7000.0,15000.0,浙江省,杭州,余杭区
嵌入式硬件开发工程师,北京德辰科技股份有限公司,天津-西青区,1.5-2万/月,06-19,15000.0,20000.0,天津市,天津,西青区
嵌入式硬件开发工程师,东莞中集智能科技有限公司,深圳-南山区,0.8-1.2万/月,06-18,8000.0,12000.0,广东省,深圳,南山区
嵌入式硬件开发工程师,江苏婷好软件科技有限公司,南京,3.5-6千/月,06-18,3500.0,6000.0,江苏省,南京,
Linux开发工程师,深圳市镭神智能系统有限公司,深圳-宝安区,1-1.5万/月,06-18,10000.0,15000.0,广东省,深圳,宝安区
电子工程师,湖南千盟物联信息技术有限公司,岳阳,4-8千/月,06-18,4000.0,8000.0,湖南省,岳阳,
ADAS嵌入式硬件开发工程师,鹿鸣德昭（杭州）企业咨询有限公司...,宁波-高新区,30-55万/年,06-18,25000.0,45833.0,浙江省,宁波,高新区
嵌入式硬件开发工程师,紫光同芯微电子有限公司,北京-海淀区,1.5-3万/月,06-18,15000.0,30000.0,北京市,北京,海淀区
2020届本硕毕业生招募（计算机电子等专业）,湖南航天捷诚电子装备有限责任公司...,长沙,6-8千/月,06-18,6000.0,8000.0,湖南省,长沙,
嵌入式硬件开发工程师（招收应届生）,广州路派电子科技有限公司,广州,0.8-1.5万/月,06-18,8000.0,15000.0,广东省,广州,
嵌入式硬件开发工程师,广东新源信息技术有限公司,广州-天河区,5-7千/月,06-18,5000.0,7000.0,广东省,广州,天河区
嵌入式硬件开发工程师,广州立功科技股份有限公司,广州-天河区,1.2-2万/月,06-18,12000.0,20000.0,广东省,广州,天河区
嵌入式驱动工程师（医疗器械部）,广州再生医学与健康广东省实验室,广州-黄埔区,15-25万/年,06-18,12500.0,20833.0,广东省,广州,黄埔区
C++/qt 软件开发工程师,上海西兰蒂亚科技有限公司,上海-浦东新区,1.5-2万/月,06-18,15000.0,20000.0,上海市,上海,浦东新区
嵌入式硬件开发工程师,南京立迈胜机器人有限公司,北京-大兴区,1.5-3万/月,06-18,15000.0,30000.0,北京市,北京,大兴区
高级嵌入式硬件开发工程师,浙江意博高科技术有限公司,杭州-西湖区,1.2-2.2万/月,06-18,12000.0,22000.0,浙江省,杭州,西湖区
嵌入式硬件开发工程师-上海-00054,北软互联（北京）科技有限公司,上海-浦东新区,1.5-1.9万/月,06-17,15000.0,19000.0,上海市,上海,浦东新区
嵌入式硬件开发工程师,南微医学科技股份有限公司,南京,1.5-2万/月,06-17,15000.0,20000.0,江苏省,南京,
ARM嵌入式硬件开发工程师,南京洛普股份有限公司,南京-浦口区,7-9千/月,06-17,7000.0,9000.0,江苏省,南京,浦口区
硬件工程师（重点培养岗位）,东莞普莱信智能技术有限公司,东莞-东坑镇,0.8-1万/月,06-16,8000.0,10000.0,广东省,东莞,东坑镇
嵌入式硬件开发工程师,北京禾迅科技有限公司,北京-昌平区,0.8-1.5万/月,06-16,8000.0,15000.0,北京市,北京,昌平区
嵌入式硬件开发工程师/开发员,四川荣达铁路机车车辆配件制造有限...,成都-郫都区,3-7千/月,06-16,3000.0,7000.0,四川省,成都,郫都区
嵌入式硬件开发工程师,杭州立方控股股份有限公司,杭州-西湖区,0.6-1.2万/月,06-15,6000.0,12000.0,浙江省,杭州,西湖区
嵌入式硬件开发工程师,深圳市隆源技术开发有限公司,深圳-大鹏新区,28-33万/年,06-12,23333.0,27500.0,广东省,深圳,大鹏新区
高级嵌入式硬件开发工程师,四川新科电子技术工程有限责任公司...,成都,0.8-1.5万/月,06-12,8000.0,15000.0,四川省,成都,
嵌入式硬件开发工程师,西安交通大学空间视觉联合实验室,西安,3-8千/月,06-12,3000.0,8000.0,陕西省,西安,
嵌入式硬件开发工程师,大连博克斯科技有限公司,大连-甘井子区,0.8-1万/月,06-12,8000.0,10000.0,辽宁省,大连,甘井子区
嵌入式硬件开发工程师(J22621),京东方科技集团股份有限公司,北京,1.5-2万/月,06-11,15000.0,20000.0,北京市,北京,
电机控制工程师,江苏源坤电子科技有限公司,常州-天宁区,1-1.5万/月,06-10,10000.0,15000.0,江苏省,常州,天宁区
嵌入式软件/硬件工程师,南昌欧菲光科技有限公司,南昌,1-1.8万/月,06-09,10000.0,18000.0,江西省,南昌,
嵌入式硬件开发工程师,武汉中和海洋光讯有限公司,武汉-江夏区,0.7-1万/月,06-08,7000.0,10000.0,湖北省,武汉,江夏区
嵌入式硬件开发工程师,西安海联石化科技有限公司,西安,5-8千/月,06-05,5000.0,8000.0,陕西省,西安,
软件工程师（C，C#，嵌入式）,深圳市纳诺艾医疗科技有限公司,深圳-龙岗区,0.6-1.1万/月,06-05,6000.0,11000.0,广东省,深圳,龙岗区
嵌入式硬件开发工程师,山东山大电力技术股份有限公司,济南-高新区,10-15万/年,06-05,8333.0,12500.0,山东省,济南,高新区
嵌入式硬件开发工程师,中联高科（大连）实业有限公司,大连-高新园区,4.5-6千/月,06-02,4500.0,6000.0,辽宁省,大连,高新园区
高级嵌入式硬件开发工程师,中国科学院软件研究所,北京-海淀区,1.5-2万/月,05-29,15000.0,20000.0,北京市,北京,海淀区
嵌入式硬件开发工程师,南京中科盟联信息科技有限公司,南京-玄武区,6-8千/月,05-26,6000.0,8000.0,江苏省,南京,玄武区
嵌入式硬件开发工程师,南京启纬智芯微电子有限公司,苏州,0.6-1万/月,05-25,6000.0,10000.0,江苏省,苏州,
嵌入式硬件开发工程师,广州东方电科自动化有限公司,广州-黄埔区,0.8-1.6万/月,05-25,8000.0,16000.0,广东省,广州,黄埔区
嵌入式硬件开发工程师,南京齿贝犀科技有限公司,南京-栖霞区,1.5-2万/月,05-24,15000.0,20000.0,江苏省,南京,栖霞区
Linux驱动工程师,深圳市科运科技有限公司,深圳-南山区,2-5万/月,05-23,20000.0,50000.0,广东省,深圳,南山区
高级嵌入式硬件开发工程师,光宇锦业（武汉）智能科技有限公司...,武汉-洪山区,1-1.5万/月,05-21,10000.0,15000.0,湖北省,武汉,洪山区
硬件开发工程师,北京农业信息技术研究中心,北京,0.6-1万/月,05-19,6000.0,10000.0,北京市,北京,
嵌入式硬件开发工程师,仕若普科技（深圳）有限公司,深圳-宝安区,1-1.8万/月,05-16,10000.0,18000.0,广东省,深圳,宝安区
嵌入式软件工程师,江苏微云人工智能有限公司,南京-秦淮区,1-1.6万/月,05-14,10000.0,16000.0,江苏省,南京,秦淮区
嵌入式硬件开发工程师,青岛诺安机电科技有限公司,青岛-崂山区,1-1.5万/月,05-13,10000.0,15000.0,山东省,青岛,崂山区
嵌入式硬件开发工程师,浙江孚邦科技有限公司,宁波-象山县,1.5-2万/月,04-26,15000.0,20000.0,浙江省,宁波,象山县
嵌入式硬件开发工程师,南京贺普科技有限公司,南京-浦口区,0.7-1.5万/月,04-20,7000.0,15000.0,江苏省,南京,浦口区
嵌入式硬件工程师,北京恒科天地矿业测控技术有限公司...,北京-通州区,1.5-2千/月,06-18,1500.0,2000.0,北京市,北京,通州区
嵌入式硬件工程师,武汉市海联天下物联网有限公司,武汉-东湖新技...,2-3千/月,05-18,2000.0,3000.0,湖北省,武汉,东湖新技...
嵌入式硬件工程师,上海金卓网络科技有限公司,成都-武侯区,2-3千/月,05-08,2000.0,3000.0,四川省,成都,武侯区
嵌入式硬件工程师,麒盛科技股份有限公司,嘉兴,1.5-2.2万/月,06-19,15000.0,22000.0,浙江省,嘉兴,
嵌入式硬件工程师,南京特尔驰电子科技有限公司,南京-浦口区,0.8-1.2万/月,06-19,8000.0,12000.0,江苏省,南京,浦口区
嵌入式硬件工程师,图弘智能科技（上海）有限公司,上海-浦东新区,1-2.5万/月,06-19,10000.0,25000.0,上海市,上海,浦东新区
嵌入式硬件工程师,上海肖克利信息科技公司,上海-徐汇区,6-9千/月,06-19,6000.0,9000.0,上海市,上海,徐汇区
嵌入式硬件工程师,上海肖克利信息科技公司,上海-徐汇区,6-9千/月,06-19,6000.0,9000.0,上海市,上海,徐汇区
嵌入式硬件工程师,上海肖克利信息科技公司,上海-徐汇区,6-9千/月,06-19,6000.0,9000.0,上海市,上海,徐汇区
嵌入式硬件工程师,上海亿盟电气自动化技术有限公司,上海-松江区,0.7-1.2万/月,06-19,7000.0,12000.0,上海市,上海,松江区
嵌入式硬件工程师,上海峰飞航空科技有限公司,上海-金山区,0.9-1.2万/月,06-19,9000.0,12000.0,上海市,上海,金山区
高级嵌入式硬件工程师,无锡菲兰爱尔空气质量技术有限公司...,无锡-无锡新区,18-25万/年,06-19,15000.0,20833.0,江苏省,无锡,无锡新区
嵌入式硬件工程师,无锡真源科技有限公司,无锡,0.8-1.2万/月,06-19,8000.0,12000.0,江苏省,无锡,
嵌入式硬件工程师,福州图腾易讯信息技术有限公司,福州-鼓楼区,6-8千/月,06-19,6000.0,8000.0,福建省,福州,鼓楼区
嵌入式硬件工程师/电子硬件工程师,深圳市纵维立方科技有限公司,深圳-龙岗区,1-1.8万/月,06-19,10000.0,18000.0,广东省,深圳,龙岗区
嵌入式硬件工程师（东莞）,广东奥普特科技股份有限公司,东莞-长安镇,1.5-2.5万/月,06-19,15000.0,25000.0,广东省,东莞,长安镇
嵌入式硬件工程师（信号采集设备方向),武汉能钠智能装备技术股份有限公司...,武汉,0.8-1.5万/月,06-19,8000.0,15000.0,湖北省,武汉,
成都嵌入式硬件工程师(信号方向),武汉能钠智能装备技术股份有限公司...,成都-高新区,1.2-1.8万/月,06-19,12000.0,18000.0,四川省,成都,高新区
嵌入式硬件工程师（集团子公司招聘）,苏州固锝电子股份有限公司,苏州-工业园区,6-8千/月,06-19,6000.0,8000.0,江苏省,苏州,工业园区
嵌入式硬件工程师（知名家电公司）,宁波常成企业管理咨询有限公司,杭州,1.5-2万/月,06-19,15000.0,20000.0,浙江省,杭州,
嵌入式硬件工程师（知名家电公司）,宁波常成企业管理咨询有限公司,宁波-慈溪市,1.5-2万/月,06-19,15000.0,20000.0,浙江省,宁波,慈溪市
嵌入式硬件工程师（知名家电公司）,宁波常成企业管理咨询有限公司,合肥,1.5-2万/月,06-19,15000.0,20000.0,安徽省,合肥,
嵌入式硬件工程师（知名家电公司）,宁波常成企业管理咨询有限公司,南昌,1.5-2万/月,06-19,15000.0,20000.0,江西省,南昌,
嵌入式硬件工程师（知名家电公司）,宁波常成企业管理咨询有限公司,中山,1.5-2万/月,06-19,15000.0,20000.0,广东省,中山,
嵌入式硬件工程师（知名家电公司）,宁波常成企业管理咨询有限公司,佛山,1.5-2万/月,06-19,15000.0,20000.0,广东省,佛山,
嵌入式硬件工程师（知名家电公司）,宁波常成企业管理咨询有限公司,无锡,1.5-2万/月,06-19,15000.0,20000.0,江苏省,无锡,
嵌入式硬件工程师（知名家电公司）,宁波常成企业管理咨询有限公司,上海,1.5-2万/月,06-19,15000.0,20000.0,上海市,上海,
嵌入式硬件工程师,深圳汉食智能科技有限公司,无锡,0.8-1.2万/月,06-19,8000.0,12000.0,江苏省,无锡,
嵌入式硬件工程师,珠海朗尔电气有限公司,珠海,0.8-2万/月,06-19,8000.0,20000.0,广东省,珠海,
嵌入式硬件工程师,苏州集畅自动化科技发展有限公司,上海-闵行区,0.5-1万/月,06-19,5000.0,10000.0,上海市,上海,闵行区
月薪15k嵌入式硬件工程师,广州道格信息科技有限公司,广州-黄埔区,1.5-2万/月,06-19,15000.0,20000.0,广东省,广州,黄埔区
嵌入式硬件工程师,西安极光航空航天科技有限公司,西安-雁塔区,1-1.5万/月,06-19,10000.0,15000.0,陕西省,西安,雁塔区
嵌入式硬件工程师,广东畅视科技有限公司,广州-天河区,1.2-2万/月,06-18,12000.0,20000.0,广东省,广州,天河区
高级嵌入式硬件工程师,苏州三值精密仪器有限公司,苏州,1-1.8万/月,06-18,10000.0,18000.0,江苏省,苏州,
嵌入式硬件工程师,郑州润无声物联网技术有限公司,郑州-郑州航空...,0.6-1.2万/月,06-18,6000.0,12000.0,河南省,郑州,郑州航空...
嵌入式硬件工程师,汉宜电子科技（上海）有限公司,常州-新北区,0.8-1万/月,06-18,8000.0,10000.0,江苏省,常州,新北区
月薪12K嵌入式硬件工程师,迪昆集团,广州-黄埔区,1-1.5万/月,06-18,10000.0,15000.0,广东省,广州,黄埔区
月薪12K嵌入式硬件工程师,迪昆集团,广州-黄埔区,1-1.5万/月,06-18,10000.0,15000.0,广东省,广州,黄埔区
月薪12K嵌入式硬件工程师,迪昆集团,广州-黄埔区,1-1.5万/月,06-18,10000.0,15000.0,广东省,广州,黄埔区
月薪12K嵌入式硬件工程师,迪昆集团,广州-黄埔区,1-1.5万/月,06-18,10000.0,15000.0,广东省,广州,黄埔区
月薪12K嵌入式硬件工程师,迪昆集团,广州-黄埔区,1-1.5万/月,06-18,10000.0,15000.0,广东省,广州,黄埔区
月薪14k嵌入式硬件工程师,广州市蓝熙信息科技有限公司,广州-黄埔区,1-1.5万/月,06-18,10000.0,15000.0,广东省,广州,黄埔区
月薪13k嵌入式硬件工程师,蓝熙集团,广州-黄埔区,1-1.5万/月,06-18,10000.0,15000.0,广东省,广州,黄埔区
月薪13K嵌入式硬件工程师,道格集团,广州-黄埔区,1-1.5万/月,06-18,10000.0,15000.0,广东省,广州,黄埔区
嵌入式硬件工程师（中心）,中国科学院声学研究所嘉兴工程中心...,嘉兴,0.5-1.2万/月,06-18,5000.0,12000.0,浙江省,嘉兴,
嵌入式硬件工程师（储能项目）,上海羿煜电子科技有限公司,上海-奉贤区,1.2-2.5万/月,06-18,12000.0,25000.0,上海市,上海,奉贤区
嵌入式硬件工程师,上海羿煜电子科技有限公司,上海-奉贤区,13-20万/年,06-18,10833.0,16666.0,上海市,上海,奉贤区
嵌入式硬件工程师,安徽华明航空电子系统有限公司,芜湖,0.6-1.2万/月,06-18,6000.0,12000.0,安徽省,芜湖,
嵌入式硬件工程师（通信工程专业）,安徽华明航空电子系统有限公司,芜湖,0.6-1万/月,06-18,6000.0,10000.0,安徽省,芜湖,
嵌入式硬件工程师,常州市速瑞医疗科技有限公司,常州,1-1.5万/月,06-18,10000.0,15000.0,江苏省,常州,
嵌入式硬件工程师,瑞尔声学（深圳）有限公司,深圳-南山区,0.6-1万/月,06-19,6000.0,10000.0,广东省,深圳,南山区
嵌入式硬件工程师,广东汇涛工程科技有限公司,广州-天河区,6-8千/月,06-18,6000.0,8000.0,广东省,广州,天河区
嵌入式硬件工程师,上海北林电子技术有限公司,惠州,0.8-1万/月,06-18,8000.0,10000.0,广东省,惠州,
嵌入式硬件工程师,上海北林电子技术有限公司,杭州-江干区,0.8-1.5万/月,06-18,8000.0,15000.0,浙江省,杭州,江干区
嵌入式硬件工程师（MCU方向）,西安普瑞米特科技有限公司,西安-高新技术...,0.6-1万/月,06-18,6000.0,10000.0,陕西省,西安,高新技术...
嵌入式硬件工程师(X86架构),深圳市英威腾电气股份有限公司,深圳-光明新区,18-25万/年,06-18,15000.0,20833.0,广东省,深圳,光明新区
嵌入式硬件工程师,珠海耀阳电子科技有限公司,珠海,0.8-1.5万/月,06-18,8000.0,15000.0,广东省,珠海,
嵌入式硬件工程师,珠海耀阳电子科技有限公司,珠海,0.8-1.5万/月,06-18,8000.0,15000.0,广东省,珠海,
嵌入式硬件工程师,郑州润无声物联网技术有限公司,郑州-郑州航空...,0.6-1.2万/月,06-18,6000.0,12000.0,河南省,郑州,郑州航空...
嵌入式硬件工程师,青岛魁罡铁路装备集团有限公司,青岛-城阳区,0.7-1万/月,06-17,7000.0,10000.0,山东省,青岛,城阳区
嵌入式硬件工程师,青岛魁罡铁路装备集团有限公司,青岛-城阳区,0.7-1万/月,06-17,7000.0,10000.0,山东省,青岛,城阳区
嵌入式硬件工程师,青岛魁罡铁路装备集团有限公司,青岛-城阳区,0.7-1万/月,06-17,7000.0,10000.0,山东省,青岛,城阳区
嵌入式硬件工程师（博士）,深圳市智绘科技有限公司,深圳-南山区,4-5万/月,06-17,40000.0,50000.0,广东省,深圳,南山区
嵌入式硬件工程师,山东有人信息技术有限公司,济南-高新区,6-8千/月,06-17,6000.0,8000.0,山东省,济南,高新区
嵌入式硬件工程师,山东有人信息技术有限公司,上海-闵行区,1.2-1.6万/月,06-17,12000.0,16000.0,上海市,上海,闵行区
嵌入式硬件工程师,山东有人信息技术有限公司,济南-高新区,0.7-1万/月,06-17,7000.0,10000.0,山东省,济南,高新区
嵌入式硬件工程师（控制技术）,深圳麦格米特电气股份有限公司,西安,0.8-1.2万/月,06-17,8000.0,12000.0,陕西省,西安,
嵌入式硬件工程师,浙江东驰科技有限公司,杭州-滨江区,1-1.8万/月,06-17,10000.0,18000.0,浙江省,杭州,滨江区
嵌入式硬件工程师,温州国迈科技有限公司,温州,1.5-2万/月,06-17,15000.0,20000.0,浙江省,温州,
嵌入式硬件工程师,普若泰克科技发展（北京）有限公司...,廊坊,1-1.5万/月,06-17,10000.0,15000.0,河北省,廊坊,
嵌入式硬件工程师,普若泰克科技发展（北京）有限公司...,廊坊,0.8-1万/月,06-17,8000.0,10000.0,河北省,廊坊,
高级嵌入式硬件工程师,江苏大周基业智能科技有限公司,南京-雨花台区,1.5-3万/月,06-16,15000.0,30000.0,江苏省,南京,雨花台区
嵌入式硬件工程师,南京根土农业科技有限公司,南京-玄武区,1.5-2万/月,06-16,15000.0,20000.0,江苏省,南京,玄武区
嵌入式硬件工程师,惠州市方唐人科技有限公司,惠州,0.8-1万/月,06-16,8000.0,10000.0,广东省,惠州,
嵌入式硬件工程师（初级）,南京东南建筑机电抗震研究院有限公...,南京-溧水区,5-7千/月,06-16,5000.0,7000.0,江苏省,南京,溧水区
嵌入式硬件工程师（高速电路）,霍尼韦尔（中国）有限公司,西安,1-1.5万/月,06-16,10000.0,15000.0,陕西省,西安,
嵌入式硬件工程师,深圳市港晟电子有限公司,深圳-龙华新区,1.5-2万/月,06-15,15000.0,20000.0,广东省,深圳,龙华新区
嵌入式硬件工程师,宁波永信汽车部件制造有限公司,宁波-宁海县,0.8-1万/月,06-15,8000.0,10000.0,浙江省,宁波,宁海县
嵌入式硬件工程师,郑州润无声物联网技术有限公司,郑州-郑州航空...,0.6-1.2万/月,06-15,6000.0,12000.0,河南省,郑州,郑州航空...
嵌入式硬件工程师,郑州润无声物联网技术有限公司,郑州-郑州航空...,0.6-1.2万/月,06-15,6000.0,12000.0,河南省,郑州,郑州航空...
嵌入式硬件工程师（应届生）,上海金脉电子科技有限公司,上海-浦东新区,0.6-1万/月,06-15,6000.0,10000.0,上海市,上海,浦东新区
嵌入式硬件工程师,菲码（江苏）智能科技有限公司,上海-嘉定区,0.8-1万/月,06-12,8000.0,10000.0,上海市,上海,嘉定区
嵌入式硬件工程师,长沙智能驾驶研究院有限公司,长沙-岳麓区,1.5-2万/月,06-10,15000.0,20000.0,湖南省,长沙,岳麓区
嵌入式硬件工程师,南京北宇新通科技有限公司,南京-浦口区,0.8-1.6万/月,06-08,8000.0,16000.0,江苏省,南京,浦口区
嵌入式硬件工程师,济南蓝动激光技术有限公司,济南-高新区,1-1.5万/月,06-06,10000.0,15000.0,山东省,济南,高新区
嵌入式硬件工程师/五险一金,郑州枫华实业股份有限公司,郑州-郑东新区,6-8千/月,06-05,6000.0,8000.0,河南省,郑州,郑东新区
嵌入式硬件工程师,华东数字医学工程研究院,上饶,1-2万/月,06-03,10000.0,20000.0,江西省,上饶,
嵌入式硬件工程师,广东宽普科技股份有限公司,佛山,0.7-1.2万/月,05-31,7000.0,12000.0,广东省,佛山,
嵌入式硬件工程师(电缆方向),广州佳和立创科技发展有限公司,广州-天河区,6-8千/月,05-30,6000.0,8000.0,广东省,广州,天河区
嵌入式硬件工程师,深圳市百灵佳科技有限公司,深圳-福田区,7-9千/月,05-26,7000.0,9000.0,广东省,深圳,福田区
嵌入式硬件工程师(带薪年假）,深圳市百灵佳科技有限公司,深圳-福田区,5-7千/月,05-26,5000.0,7000.0,广东省,深圳,福田区
嵌入式硬件工程师,北京众智信安信息技术研究院,北京-海淀区,1-1.5万/月,05-23,10000.0,15000.0,北京市,北京,海淀区
嵌入式硬件工程师,深圳市讯方技术股份有限公司,赣州,4-8千/月,05-22,4000.0,8000.0,江西省,赣州,
嵌入式硬件工程师（云山节能）,广州敦和信息技术有限公司,广州-黄埔区,0.8-1.1万/月,05-21,8000.0,11000.0,广东省,广州,黄埔区
嵌入式硬件工程师,四川旱靚电气有限公司,成都-郫都区,3-4.5千/月,05-21,3000.0,4500.0,四川省,成都,郫都区
嵌入式硬件工程师,无锡先导智能装备股份有限公司,无锡,1-1.5万/月,05-19,10000.0,15000.0,江苏省,无锡,
嵌入式硬件工程师,深圳市东方时通科技发展有限公司,深圳-福田区,1.8-2.8万/月,05-18,18000.0,28000.0,广东省,深圳,福田区
嵌入式硬件工程师,北京艾力泰尔信息技术股份有限公司...,北京-海淀区,1-1.5万/月,05-17,10000.0,15000.0,北京市,北京,海淀区
嵌入式硬件工程师,北京中宸泓昌科技有限公司,合肥-蜀山区,1-2万/月,05-13,10000.0,20000.0,安徽省,合肥,蜀山区
嵌入式硬件工程师,北京中宸泓昌科技有限公司,北京-海淀区,1-2万/月,05-13,10000.0,20000.0,北京市,北京,海淀区
嵌入式硬件工程师,北京中宸泓昌科技有限公司,西安-高新技术...,1-2万/月,05-13,10000.0,20000.0,陕西省,西安,高新技术...
嵌入式硬件工程师,浙江航芯科技有限公司,上海-徐汇区,1.5-2万/月,04-28,15000.0,20000.0,上海市,上海,徐汇区
嵌入式硬件工程师,武汉昊博科技有限公司,武汉,0.8-1.2万/月,04-27,8000.0,12000.0,湖北省,武汉,
嵌入式硬件工程师,浙江大学微小卫星研究中心,杭州-西湖区,0.7-1.5万/月,04-26,7000.0,15000.0,浙江省,杭州,西湖区
嵌入式硬件工程师,浙江大学微小卫星研究中心,杭州-西湖区,0.6-1.2万/月,04-26,6000.0,12000.0,浙江省,杭州,西湖区
嵌入式硬件工程师,浙江大学微小卫星研究中心,杭州-西湖区,0.7-1.5万/月,04-26,7000.0,15000.0,浙江省,杭州,西湖区
嵌入式硬件工程师,浙江大学微小卫星研究中心,杭州-西湖区,0.8-1.5万/月,04-26,8000.0,15000.0,浙江省,杭州,西湖区
高级嵌入式硬件工程师,深圳微希科技有限公司,深圳-南山区,1.5-2.5万/月,04-24,15000.0,25000.0,广东省,深圳,南山区
嵌入式硬件开发工程师(侧重电源开发),上海镭隆科技发展有限公司,上海,1-2万/月,06-19,10000.0,20000.0,上海市,上海,
嵌入式硬件工程师（可电话视频面试）,合肥暖流信息科技有限公司,合肥-高新区,0.6-1万/月,06-19,6000.0,10000.0,安徽省,合肥,高新区
嵌入式硬件工程师,成都九华圆通科技发展有限公司,成都-郫都区,1-2万/月,06-19,10000.0,20000.0,四川省,成都,郫都区
嵌入式硬件工程师,株洲航飞翔数字系统有限责任公司,株洲,0.6-1万/月,06-19,6000.0,10000.0,湖南省,株洲,
嵌入式硬件工程师,北京信达电通科技发展有限公司,深圳,1-2万/月,06-19,10000.0,20000.0,广东省,深圳,
嵌入式硬件工程师,开能健康科技集团股份有限公司,上海,2-2.5万/月,06-19,20000.0,25000.0,上海市,上海,
嵌入式硬件工程师,爱思特信息技术（上海）有限公司,北京,2-3万/月,06-19,20000.0,30000.0,北京市,北京,
嵌入式硬件工程师,江苏常发农业装备股份有限公司,常州,1-1.5万/月,06-19,10000.0,15000.0,江苏省,常州,
嵌入式硬件工程师,重庆天箭惯性科技股份有限公司,重庆-渝北区,0.8-1.2万/月,06-19,8000.0,12000.0,重庆市,重庆,渝北区
嵌入式硬件工程师,杭州塔石物联网科技有限公司,杭州-萧山区,0.8-1万/月,06-19,8000.0,10000.0,浙江省,杭州,萧山区
嵌入式硬件工程师,杭州智方物联科技有限公司,杭州-下城区,0.9-1.2万/月,06-19,9000.0,12000.0,浙江省,杭州,下城区
嵌入式硬件工程师,上海肖克利信息科技公司,上海-徐汇区,6-9千/月,06-19,6000.0,9000.0,上海市,上海,徐汇区
嵌入式硬件工程师,广州市红鹏直升机遥感科技有限公司...,广州-黄埔区,1-2万/月,06-19,10000.0,20000.0,广东省,广州,黄埔区
嵌入式硬件工程师,北京金房暖通节能技术股份有限公司...,北京-朝阳区,1-1.2万/月,06-19,10000.0,12000.0,北京市,北京,朝阳区
嵌入式硬件工程师,北京光华荣昌汽车部件有限公司,北京-昌平区,1-1.5万/月,06-19,10000.0,15000.0,北京市,北京,昌平区
嵌入式硬件工程师,嘉控智能科技（上海）有限公司,上海-浦东新区,1-2.5万/月,06-19,10000.0,25000.0,上海市,上海,浦东新区
嵌入式硬件工程师,中船重工（武汉）凌久电子有限责任...,武汉-洪山区,12-18万/年,06-19,10000.0,15000.0,湖北省,武汉,洪山区
嵌入式硬件工程师（初级）,南京搜新智能科技有限公司,南京-江宁区,6-8千/月,06-19,6000.0,8000.0,江苏省,南京,江宁区
资深嵌入式硬件工程师,上海亿盟电气自动化技术有限公司,上海-松江区,1.2-2万/月,06-19,12000.0,20000.0,上海市,上海,松江区
嵌入式硬件工程师,无锡真源科技有限公司,无锡,0.8-1.2万/月,06-19,8000.0,12000.0,江苏省,无锡,
高级嵌入式硬件工程师,深圳市泛海三江电子股份有限公司,深圳-南山区,1.4-2.5万/月,06-19,14000.0,25000.0,广东省,深圳,南山区
嵌入式硬件工程师,上海峰飞航空科技有限公司,上海-金山区,1-1.5万/月,06-19,10000.0,15000.0,上海市,上海,金山区
嵌入式硬件工程师,上海尤顺汽车部件有限公司,上海-闵行区,1-1.8万/月,06-19,10000.0,18000.0,上海市,上海,闵行区
贵博新能—嵌入式硬件工程师（BMS）,科大国创软件股份有限公司,合肥-高新区,1.5-2万/月,06-19,15000.0,20000.0,安徽省,合肥,高新区
硬件工程师/嵌入式硬件工程师,广东九博科技股份有限公司,武汉-洪山区,1-2万/月,06-19,10000.0,20000.0,湖北省,武汉,洪山区
嵌入式硬件工程师,广州织点智能科技有限公司,广州-海珠区,1-1.6万/月,06-19,10000.0,16000.0,广东省,广州,海珠区
嵌入式硬件工程师,首玺（广州）健康管理有限公司,广州-黄埔区,1-1.5万/月,06-19,10000.0,15000.0,广东省,广州,黄埔区
嵌入式硬件工程师,浙江大开信息技术有限公司,宁波-鄞州区,1-1.5万/月,06-19,10000.0,15000.0,浙江省,宁波,鄞州区
嵌入式硬件工程师,成都美迅检测设备有限公司,成都-武侯区,6-8千/月,06-19,6000.0,8000.0,四川省,成都,武侯区
嵌入式硬件工程师,宁波海大物联科技有限公司,宁波-高新区,0.8-1.2万/月,06-19,8000.0,12000.0,浙江省,宁波,高新区
嵌入式硬件工程师,青岛佳合泰科控制技术有限公司,青岛,0.5-1万/月,06-19,5000.0,10000.0,山东省,青岛,
嵌入式硬件工程师,杭州承章科技有限公司,深圳-南山区,1-1.5万/月,06-19,10000.0,15000.0,广东省,深圳,南山区
嵌入式硬件工程师,绿之能科技,西安-碑林区,4.5-6千/月,06-19,4500.0,6000.0,陕西省,西安,碑林区
嵌入式硬件工程师,成都鑫豪斯电子探测技术有限公司,成都-龙泉驿区,0.7-1.2万/月,06-19,7000.0,12000.0,四川省,成都,龙泉驿区
嵌入式硬件工程师,武汉中仪物联技术股份有限公司,武汉,0.5-1万/月,06-19,5000.0,10000.0,湖北省,武汉,
嵌入式硬件工程师,上海高凯信息科技有限公司,上海-杨浦区,0.8-1.3万/月,06-19,8000.0,13000.0,上海市,上海,杨浦区
嵌入式硬件工程师,无锡菲兰爱尔空气质量技术有限公司...,无锡-无锡新区,10-15万/年,06-19,8333.0,12500.0,江苏省,无锡,无锡新区
嵌入式硬件工程师,山东领亿智能技术有限公司,济南-历城区,1-1.5万/月,06-19,10000.0,15000.0,山东省,济南,历城区
嵌入式硬件工程师,工熊智能科技（江苏）有限公司,南京-江宁区,0.6-1万/月,06-19,6000.0,10000.0,江苏省,南京,江宁区
嵌入式硬件工程师,上海芯跳科技有限公司,上海-闵行区,1.5-3万/月,06-19,15000.0,30000.0,上海市,上海,闵行区
嵌入式硬件工程师,凌阳利华科技（深圳）有限公司,深圳-南山区,0.6-1万/月,06-19,6000.0,10000.0,广东省,深圳,南山区
嵌入式硬件工程师,江苏中协智能科技有限公司,南京-雨花台区,1-1.5万/月,06-19,10000.0,15000.0,江苏省,南京,雨花台区
嵌入式硬件工程师,重庆七腾科技有限公司,重庆-渝北区,0.8-1.5万/月,06-19,8000.0,15000.0,重庆市,重庆,渝北区
嵌入式硬件工程师,南京中科微电子有限公司,南京-玄武区,0.8-1万/月,06-19,8000.0,10000.0,江苏省,南京,玄武区
嵌入式硬件工程师,杭州智光一创科技有限公司,杭州,1-1.5万/月,06-19,10000.0,15000.0,浙江省,杭州,
嵌入式硬件工程师,西安睿控创合电子科技有限公司,西安-高新技术...,0.8-1.6万/月,06-19,8000.0,16000.0,陕西省,西安,高新技术...
嵌入式硬件工程师,广州艾可机器人有限公司,广州-番禺区,0.7-1.7万/月,06-19,7000.0,17000.0,广东省,广州,番禺区
嵌入式硬件工程师,杭州虚现科技有限公司,杭州-余杭区,1.5-2万/月,06-19,15000.0,20000.0,浙江省,杭州,余杭区
嵌入式硬件工程师,西安电子科技大学芜湖研究院,芜湖,5-8千/月,06-19,5000.0,8000.0,安徽省,芜湖,
嵌入式硬件工程师,成都安迪生测量有限公司,成都-双流区,5-7千/月,06-19,5000.0,7000.0,四川省,成都,双流区
高级嵌入式工程师,合肥纳核科技有限公司,合肥-蜀山区,1-1.5万/月,06-18,10000.0,15000.0,安徽省,合肥,蜀山区
FPGA 工程师（医疗器械部）,广州再生医学与健康广东省实验室,广州,10-15万/年,06-18,8333.0,12500.0,广东省,广州,
嵌入式硬件开发工程师,南京立迈胜机器人有限公司,南京-六合区,1.5-3万/月,06-18,15000.0,30000.0,江苏省,南京,六合区
嵌入式系统开发,上海北林电子技术有限公司,淮安-清江浦区,6-8千/月,06-18,6000.0,8000.0,江苏省,淮安,清江浦区
嵌入式硬件开发工程师,无锡市厚德仪表技术研究院有限公司...,无锡-滨湖区,1-1.5万/月,06-17,10000.0,15000.0,江苏省,无锡,滨湖区
嵌入式硬件开发工程师,广东康云多维视觉智能科技有限公司...,广州-黄埔区,0.8-1.5万/月,06-16,8000.0,15000.0,广东省,广州,黄埔区
高级嵌入式软件工程师,菲码（江苏）智能科技有限公司,上海-嘉定区,1-1.5万/月,06-12,10000.0,15000.0,上海市,上海,嘉定区
嵌入式软件工程师,苏州鸿益丰光电有限公司,苏州-工业园区,0.6-1.2万/月,06-10,6000.0,12000.0,江苏省,苏州,工业园区
硬件工程师（工艺工程）,深圳市明栈信息科技有限公司,深圳-南山区,0.5-1万/月,06-05,5000.0,10000.0,广东省,深圳,南山区
工艺/NPI/BOM工程师,深圳市明栈信息科技有限公司,深圳-南山区,5-8千/月,06-05,5000.0,8000.0,广东省,深圳,南山区
工程技术员,深圳市明栈信息科技有限公司,深圳-南山区,5-8千/月,06-05,5000.0,8000.0,广东省,深圳,南山区
STM32嵌入式硬件开发工程师,深圳市百灵佳科技有限公司,深圳-福田区,0.8-1万/月,05-26,8000.0,10000.0,广东省,深圳,福田区
高级嵌入式硬件开发工程师,上海潓美医疗科技有限公司,上海-嘉定区,1.5-3万/月,05-19,15000.0,30000.0,上海市,上海,嘉定区
嵌入式硬件开发工程师,北京农业信息技术研究中心,北京,0.7-1.2万/月,05-19,7000.0,12000.0,北京市,北京,
嵌入式软件工程师(安卓方向),重庆剑涛科技有限公司,重庆-渝北区,4-8千/月,05-18,4000.0,8000.0,重庆市,重庆,渝北区
嵌入式硬件开发工程师（中科实数）,广州中国科学院软件应用技术研究所...,广州-南沙区,0.9-1.5万/月,05-16,9000.0,15000.0,广东省,广州,南沙区
高级嵌入式硬件工程师,福州图腾易讯信息技术有限公司,福州-鼓楼区,0.8-1万/月,06-19,8000.0,10000.0,福建省,福州,鼓楼区
嵌入式硬件工程师（氢启）,智恒科技股份有限公司,福州-闽侯县,4.5-6千/月,06-19,4500.0,6000.0,福建省,福州,闽侯县
嵌入式硬件工程师,深圳中科能投能源有限公司,深圳-南山区,1-1.5万/月,06-19,10000.0,15000.0,广东省,深圳,南山区
单片机嵌入式硬件工程师,北京天宇威视科技股份有限公司,北京-海淀区,1-2万/月,06-19,10000.0,20000.0,北京市,北京,海淀区
硬件工程师/嵌入式硬件工程师,深圳市纵维立方科技有限公司,深圳-龙岗区,1-1.8万/月,06-19,10000.0,18000.0,广东省,深圳,龙岗区
嵌入式电子工程师/嵌入式硬件工程师,宁波意恒智能科技有限公司,宁波,1.5-2万/月,06-19,15000.0,20000.0,浙江省,宁波,
嵌入式硬件工程师,珠海市四维时代网络科技有限公司,珠海-珠海高新...,1-1.5万/月,06-19,10000.0,15000.0,广东省,珠海,珠海高新...
嵌入式硬件工程师,广州标旗光电科技发展股份有限公司...,广州-黄埔区,10-15万/年,06-19,8333.0,12500.0,广东省,广州,黄埔区
嵌入式硬件工程师,西安亚川电力科技有限公司,西安,0.6-1万/月,06-19,6000.0,10000.0,陕西省,西安,
嵌入式硬件工程师,西安精准测控有限责任公司,西安,0.8-1万/月,06-19,8000.0,10000.0,陕西省,西安,
嵌入式硬件工程师,江苏小桥流水科技股份有限公司,南京-溧水区,1-1.5万/月,06-19,10000.0,15000.0,江苏省,南京,溧水区
嵌入式硬件工程师,大族激光智能装备集团有限公司,深圳-南山区,0.8-2万/月,06-19,8000.0,20000.0,广东省,深圳,南山区
嵌入式硬件工程师,福州康为网络技术有限公司,福州-闽侯县,4-9千/月,06-19,4000.0,9000.0,福建省,福州,闽侯县
嵌入式硬件工程师,深圳沁鑫科技有限公司,深圳-南山区,1-1.5万/月,06-19,10000.0,15000.0,广东省,深圳,南山区
嵌入式硬件工程师,深圳市中广控信息科技有限公司,深圳-龙华新区,1-2万/月,06-19,10000.0,20000.0,广东省,深圳,龙华新区
嵌入式硬件工程师,深圳市凯码时代科技有限公司,深圳-宝安区,1-2万/月,06-19,10000.0,20000.0,广东省,深圳,宝安区
嵌入式硬件工程师,广东亚太天能科技股份有限公司,广州-番禺区,0.8-1.5万/月,06-19,8000.0,15000.0,广东省,广州,番禺区
嵌入式硬件工程师（应届硕士可落户）,北京星网宇达科技股份有限公司,北京-大兴区,1-1.5万/月,06-19,10000.0,15000.0,北京市,北京,大兴区
嵌入式硬件工程师(计算机方向),武汉能钠智能装备技术股份有限公司...,武汉,1-1.5万/月,06-19,10000.0,15000.0,湖北省,武汉,
嵌入式硬件工程师,深圳市康力晟铭液晶电子有限公司,深圳-龙华新区,1-1.5万/月,06-19,10000.0,15000.0,广东省,深圳,龙华新区
初级嵌入式硬件工程师,成都世鼎亿安科技有限公司,成都-高新区,4.5-6千/月,06-19,4500.0,6000.0,四川省,成都,高新区
嵌入式硬件工程师,广州征安电子科技有限公司,广州-黄埔区,0.8-1万/月,06-19,8000.0,10000.0,广东省,广州,黄埔区
嵌入式硬件工程师（武汉）,湖北谷瑞特生物技术有限公司,武汉-洪山区,1.5-2万/月,06-19,15000.0,20000.0,湖北省,武汉,洪山区
嵌入式硬件工程师（集团子公司招聘）,苏州固锝电子股份有限公司,无锡-无锡新区,6-8千/月,06-19,6000.0,8000.0,江苏省,无锡,无锡新区
嵌入式硬件工程师,大连明日星科技有限公司,大连,0.5-1万/月,06-19,5000.0,10000.0,辽宁省,大连,
嵌入式硬件工程师,上海云统信息科技有限公司,上海-浦东新区,0.8-1.5万/月,06-19,8000.0,15000.0,上海市,上海,浦东新区
嵌入式硬件工程师,云南紫米科技有限公司,昆明,0.8-1万/月,06-19,8000.0,10000.0,云南省,昆明,
嵌入式硬件工程师,青岛悟牛智能科技有限公司,青岛-城阳区,0.8-1.3万/月,06-19,8000.0,13000.0,山东省,青岛,城阳区
嵌入式硬件工程师,广州葳尔思克自动化科技有限公司,广州-番禺区,0.8-1万/月,06-19,8000.0,10000.0,广东省,广州,番禺区
嵌入式硬件工程师,广州信盛通信科技有限公司,广州-白云区,1-2万/月,06-19,10000.0,20000.0,广东省,广州,白云区
嵌入式硬件工程师(工业物联网),上海竹格智能传感技术有限公司,上海-浦东新区,1-2万/月,06-19,10000.0,20000.0,上海市,上海,浦东新区
嵌入式硬件工程师,上海昌谷实业有限公司,上海-闵行区,1-1.5万/月,06-19,10000.0,15000.0,上海市,上海,闵行区
嵌入式硬件工程师,宁波清水湾智能技术研究院,宁波,0.8-1.5万/月,06-19,8000.0,15000.0,浙江省,宁波,
嵌入式硬件工程师,张家港友诚新能源科技股份有限公司...,无锡,0.8-1万/月,06-19,8000.0,10000.0,江苏省,无锡,
嵌入式硬件工程师,浙江鼎炬电子科技股份有限公司,杭州-滨江区,0.6-1.5万/月,06-19,6000.0,15000.0,浙江省,杭州,滨江区
嵌入式硬件工程师,武汉环达电子科技有限公司,武汉-洪山区,0.8-1万/月,06-19,8000.0,10000.0,湖北省,武汉,洪山区
嵌入式硬件工程师,深圳市美新特智能装备有限公司,深圳-龙岗区,0.8-1.1万/月,06-19,8000.0,11000.0,广东省,深圳,龙岗区
嵌入式硬件工程师,苏州凯普斯企业管理咨询有限公司,苏州,20-30万/年,06-19,16666.0,25000.0,江苏省,苏州,
嵌入式硬件工程师,西安林杰电子科技有限公司,西安-高新技术...,5-9千/月,06-19,5000.0,9000.0,陕西省,西安,高新技术...
嵌入式硬件工程师,大连易玛特软件开发中心,大连-高新园区,4.5-6千/月,06-19,4500.0,6000.0,辽宁省,大连,高新园区
高级嵌入式硬件工程师,佛山市南海天富科技有限公司,佛山-南海区,1-1.8万/月,06-19,10000.0,18000.0,广东省,佛山,南海区
嵌入式硬件工程师（知名家电公司）,宁波常成企业管理咨询有限公司,温州,1.5-2万/月,06-19,15000.0,20000.0,浙江省,温州,
嵌入式硬件工程师,深圳市富士智能系统有限公司,深圳-南山区,1-1.2万/月,06-19,10000.0,12000.0,广东省,深圳,南山区
嵌入式硬件工程师,深圳市宏济医疗技术开发有限公司,深圳-罗湖区,0.8-1.2万/月,06-19,8000.0,12000.0,广东省,深圳,罗湖区
嵌入式硬件工程师,浙江胄天科技股份有限公司,杭州-西湖区,1-1.5万/月,06-19,10000.0,15000.0,浙江省,杭州,西湖区
嵌入式硬件工程师,深圳市车电网络有限公司,深圳-南山区,0.9-1.2万/月,06-19,9000.0,12000.0,广东省,深圳,南山区
嵌入式硬件工程师,福州福光水务科技有限公司,福州-仓山区,0.6-1万/月,06-19,6000.0,10000.0,福建省,福州,仓山区
嵌入式硬件工程师,浙江海康科技有限公司,杭州-余杭区,1.2-2万/月,06-19,12000.0,20000.0,浙江省,杭州,余杭区
嵌入式硬件工程师,武汉瑞立科德斯汽车电子有限责任公...,武汉-江夏区,0.6-1万/月,06-19,6000.0,10000.0,湖北省,武汉,江夏区
嵌入式硬件工程师,广州市晶密电子有限公司,广州-花都区,0.6-1.2万/月,06-19,6000.0,12000.0,广东省,广州,花都区
嵌入式硬件工程师,深圳市神牛摄影器材有限公司,深圳-宝安区,1-1.8万/月,06-19,10000.0,18000.0,广东省,深圳,宝安区
嵌入式硬件工程师,南京高华科技股份有限公司,南京-栖霞区,0.6-1.2万/月,06-19,6000.0,12000.0,江苏省,南京,栖霞区
嵌入式硬件工程师,湖南三德科技股份有限公司,长沙,0.7-1.2万/月,06-19,7000.0,12000.0,湖南省,长沙,
嵌入式硬件工程师/电子工程师/单片机软件开发,上海贝思特电气有限公司,上海-浦东新区,1-1.8万/月,06-19,10000.0,18000.0,上海市,上海,浦东新区
高薪诚聘嵌入式硬件工程师（可招实习生）/包住,武汉南星电力科技有限公司,武汉-江夏区,0.4-1万/月,06-19,4000.0,10000.0,湖北省,武汉,江夏区
嵌入式硬件工程师,西安格儒电子科技有限公司,西安-高新技术...,1-1.5万/月,06-19,10000.0,15000.0,陕西省,西安,高新技术...
嵌入式硬件工程师,深圳市佳泰力科技有限公司,深圳-龙华新区,0.7-1.2万/月,06-19,7000.0,12000.0,广东省,深圳,龙华新区
嵌入式硬件工程师,优控智能技术有限公司,杭州-富阳区,20-30万/年,06-19,16666.0,25000.0,浙江省,杭州,富阳区
嵌入式硬件工程师,深圳市则成电子股份有限公司,深圳-龙岗区,2-2.5万/月,06-19,20000.0,25000.0,广东省,深圳,龙岗区
嵌入式硬件工程师,新誉集团有限公司,北京-丰台区,1-2万/月,06-19,10000.0,20000.0,北京市,北京,丰台区
嵌入式硬件工程师,深圳市火王燃器具有限公司中山分公...,深圳-宝安区,2-3万/月,06-19,20000.0,30000.0,广东省,深圳,宝安区
急招嵌入式硬件工程师,西安极光航空航天科技有限公司,西安-雁塔区,0.8-1万/月,06-19,8000.0,10000.0,陕西省,西安,雁塔区
嵌入式硬件工程师,重庆清研理工创业谷科技发展有限公...,重庆-九龙坡区,1-1.5万/月,06-19,10000.0,15000.0,重庆市,重庆,九龙坡区
嵌入式硬件工程师,江苏远传智能科技有限公司,常州,1-1.5万/月,06-19,10000.0,15000.0,江苏省,常州,
嵌入式硬件工程师,济南辰远科技有限公司,济南-历下区,4.5-6千/月,06-19,4500.0,6000.0,山东省,济南,历下区
嵌入式硬件工程师,广州迪澳生物科技有限公司,广州,1-2万/月,06-19,10000.0,20000.0,广东省,广州,
嵌入式硬件工程师,上海恩信仪表有限公司,上海-闵行区,1.5-2万/月,06-19,15000.0,20000.0,上海市,上海,闵行区
嵌入式硬件工程师,深圳智人环保科技有限公司,深圳-龙岗区,1-1.5万/月,06-19,10000.0,15000.0,广东省,深圳,龙岗区
嵌入式硬件工程师,深圳市星砺达科技有限公司,深圳-南山区,1-1.5万/月,06-19,10000.0,15000.0,广东省,深圳,南山区
嵌入式硬件工程师,深圳市祥为测控技术有限公司,深圳-龙华新区,1.5-2万/月,06-19,15000.0,20000.0,广东省,深圳,龙华新区
嵌入式硬件工程师,上海肖可雷电子科技有限公司,上海-徐汇区,6-9千/月,06-19,6000.0,9000.0,上海市,上海,徐汇区
嵌入式硬件工程师,苏州简管家物联技术有限公司,苏州-工业园区,1-2.5万/月,06-19,10000.0,25000.0,江苏省,苏州,工业园区
嵌入式硬件工程师,郑州润无声物联网技术有限公司,郑州-郑州航空...,0.6-1.2万/月,06-19,6000.0,12000.0,河南省,郑州,郑州航空...
嵌入式硬件工程师,南京国业科技有限公司,南京-玄武区,1-2万/月,06-19,10000.0,20000.0,江苏省,南京,玄武区
嵌入式硬件工程师（高薪诚聘）,广州通达汽车电气股份有限公司,广州-黄埔区,0.9-1.4万/月,06-19,9000.0,14000.0,广东省,广州,黄埔区
嵌入式硬件工程师,丰凯医疗器械（上海）有限公司,上海-浦东新区,1.1-1.6万/月,06-19,11000.0,16000.0,上海市,上海,浦东新区
嵌入式硬件工程师,北京宝德恒瑞科技有限公司,北京-昌平区,1-1.5万/月,06-19,10000.0,15000.0,北京市,北京,昌平区
产品研发岗（嵌入式硬件工程师）,天津华云自控股份有限公司,天津-北辰区,0.8-1万/月,06-19,8000.0,10000.0,天津市,天津,北辰区
嵌入式硬件工程师（五险一金 双休）,郑州优碧科技有限公司,郑州-郑东新区,1-2万/月,06-19,10000.0,20000.0,河南省,郑州,郑东新区
嵌入式硬件工程师,南京佳汇科技实业有限公司,南京,0.6-1.3万/月,06-19,6000.0,13000.0,江苏省,南京,
嵌入式硬件工程师,杭州优特电源有限公司,杭州-滨江区,1-1.5万/月,06-19,10000.0,15000.0,浙江省,杭州,滨江区
嵌入式硬件工程师,湖南华熠智能工程有限公司,长沙,10-20万/年,06-19,8333.0,16666.0,湖南省,长沙,
嵌入式硬件工程师,深圳市研成工业技术有限公司,深圳,0.8-1.5万/月,06-19,8000.0,15000.0,广东省,深圳,
嵌入式硬件工程师,南京华兴数控技术有限公司,南京-江宁区,0.8-2万/月,06-19,8000.0,20000.0,江苏省,南京,江宁区
嵌入式硬件工程师,上海航天能源股份有限公司,上海-闵行区,0.6-1.3万/月,06-19,6000.0,13000.0,上海市,上海,闵行区
嵌入式硬件工程师,江苏省精创电气股份有限公司,徐州,0.8-1.2万/月,06-19,8000.0,12000.0,江苏省,徐州,
急招——嵌入式硬件工程师+双休+五险一金,长沙慧联智能科技有限公司,长沙,0.7-1.3万/月,06-19,7000.0,13000.0,湖南省,长沙,
嵌入式硬件工程师,中科力函（深圳）热声技术有限公司...,深圳,1-2万/月,06-19,10000.0,20000.0,广东省,深圳,
嵌入式硬件工程师,武汉纤效电子科技有限公司,武汉,6-8千/月,06-19,6000.0,8000.0,湖北省,武汉,
嵌入式硬件工程师,苏州集畅自动化科技发展有限公司,苏州,0.5-1万/月,06-19,5000.0,10000.0,江苏省,苏州,
嵌入式硬件工程师,上海鲸创电子科技有限公司,上海-闵行区,1.5-2万/月,06-19,15000.0,20000.0,上海市,上海,闵行区
月薪15k嵌入式硬件工程师,广州道格信息科技有限公司,广州-黄埔区,1.5-2万/月,06-19,15000.0,20000.0,广东省,广州,黄埔区
嵌入式硬件工程师,成都贝克森科技发展有限公司,成都,0.5-1万/月,06-18,5000.0,10000.0,四川省,成都,
嵌入式硬件工程师,卡莱特(深圳)云科技有限公司,深圳-南山区,1.5-3万/月,06-18,15000.0,30000.0,广东省,深圳,南山区
嵌入式硬件工程师,西安恒达微波技术开发有限公司,西安,0.8-1.5万/月,06-18,8000.0,15000.0,陕西省,西安,
嵌入式硬件工程师,合肥成科电子科技有限公司,合肥-高新区,0.8-1.3万/月,06-18,8000.0,13000.0,安徽省,合肥,高新区
嵌入式硬件工程师,深圳市天双科技有限公司,深圳-南山区,0.8-1万/月,06-18,8000.0,10000.0,广东省,深圳,南山区
嵌入式硬件工程师,西安晶源科创新能源有限公司,贵阳,6-8千/月,06-18,6000.0,8000.0,贵州省,贵阳,
嵌入式硬件工程师,深圳市新博电科技开发有限公司,深圳-宝安区,0.7-1.5万/月,06-19,7000.0,15000.0,广东省,深圳,宝安区
嵌入式硬件工程师实习生,江苏庭深网络科技有限公司,南京-鼓楼区,4.5-6千/月,06-18,4500.0,6000.0,江苏省,南京,鼓楼区
嵌入式硬件工程师,上海卓思智能科技股份有限公司,上海-松江区,0.9-1.4万/月,06-18,9000.0,14000.0,上海市,上海,松江区
嵌入式硬件工程师（物联网）,广州天源信息科技股份有限公司,广州,1-1.5万/月,06-18,10000.0,15000.0,广东省,广州,
嵌入式硬件工程师,重庆海扶医疗科技股份有限公司,重庆,0.5-1万/月,06-18,5000.0,10000.0,重庆市,重庆,
嵌入式硬件工程师,广州蓝仕威克医疗科技有限公司,广州-黄埔区,0.8-2.5万/月,06-18,8000.0,25000.0,广东省,广州,黄埔区
嵌入式硬件工程师,北京长城安创科技有限公司,北京-大兴区,1-1.5万/月,06-18,10000.0,15000.0,北京市,北京,大兴区
嵌入式硬件工程师,深圳华侨城卡乐技术有限公司,深圳-南山区,1-2万/月,06-18,10000.0,20000.0,广东省,深圳,南山区
嵌入式硬件工程师,南京奇蛙智能科技有限公司,南京,1-1.5万/月,06-18,10000.0,15000.0,江苏省,南京,
嵌入式硬件工程师,杭州佳和电气股份有限公司,杭州,0.8-1万/月,06-18,8000.0,10000.0,浙江省,杭州,
嵌入式硬件工程师,江苏康众数字医疗科技股份有限公司...,苏州,1-2万/月,06-18,10000.0,20000.0,江苏省,苏州,
嵌入式硬件工程师,递易（上海）智能科技有限公司,上海-徐汇区,1-1.8万/月,06-18,10000.0,18000.0,上海市,上海,徐汇区
嵌入式硬件工程师,苏州默然光电科技有限公司,苏州-吴江区,0.8-1.5万/月,06-18,8000.0,15000.0,江苏省,苏州,吴江区
嵌入式硬件工程师-zq,中芯维康医疗科技（重庆）有限责任...,重庆-九龙坡区,0.8-1.5万/月,06-19,8000.0,15000.0,重庆市,重庆,九龙坡区
嵌入式硬件工程师,广东省大湾区集成电路与系统应用研...,广州-黄埔区,1-2万/月,06-18,10000.0,20000.0,广东省,广州,黄埔区
嵌入式硬件工程师,江苏德高物联技术有限公司,南通-崇川区,4.5-6.5千/月,06-18,4500.0,6500.0,江苏省,南通,崇川区
嵌入式硬件工程师 （EMV L1硬件工程师）,百富计算机技术（深圳）有限公司,深圳-南山区,1-2万/月,06-18,10000.0,20000.0,广东省,深圳,南山区
嵌入式硬件工程师,牧星机器人（江苏）有限公司,南京-浦口区,1-2万/月,06-18,10000.0,20000.0,江苏省,南京,浦口区
嵌入式硬件工程师(J10303),广州中海达卫星导航技术股份有限公...,广州-番禺区,1-1.5万/月,06-18,10000.0,15000.0,广东省,广州,番禺区
嵌入式硬件工程师,江苏中科睿赛污染控制工程有限公司...,南京-江宁区,12-20万/年,06-18,10000.0,16666.0,江苏省,南京,江宁区
嵌入式硬件工程师,深圳市讯方技术股份有限公司,深圳,0.7-1万/月,06-18,7000.0,10000.0,广东省,深圳,
嵌入式硬件工程师,广州星辰热能股份有限公司,广州-海珠区,6-8千/月,06-18,6000.0,8000.0,广东省,广州,海珠区
嵌入式硬件工程师,上海舜华新能源系统有限公司,上海-嘉定区,1-1.5万/月,06-18,10000.0,15000.0,上海市,上海,嘉定区
嵌入式硬件工程师,江苏庆亚电子科技有限公司,徐州,0.8-1万/月,06-18,8000.0,10000.0,江苏省,徐州,
嵌入式硬件工程师,木卫智能科技（深圳）有限公司,深圳-南山区,0.8-1.5万/月,06-18,8000.0,15000.0,广东省,深圳,南山区
嵌入式硬件工程师,西安杰迪能源科技有限公司,西安,4-8千/月,06-18,4000.0,8000.0,陕西省,西安,
嵌入式硬件工程师,武汉诺雅光电科技有限公司,武汉-东湖新技...,0.5-1.5万/月,06-18,5000.0,15000.0,湖北省,武汉,东湖新技...
嵌入式硬件工程师,上海法辰电子科技有限公司,成都,1-2万/月,06-18,10000.0,20000.0,四川省,成都,
无锡嵌入式硬件工程师,辽宁荷紫电子商务有限公司,无锡-无锡新区,0.6-1.2万/月,06-18,6000.0,12000.0,江苏省,无锡,无锡新区
嵌入式硬件工程师,宏图瀛通（广州）人力资源有限公司...,广州,1-2万/月,06-18,10000.0,20000.0,广东省,广州,
嵌入式硬件工程师,上海芒宇信息科技股份有限公司,上海-杨浦区,0.8-1万/月,06-18,8000.0,10000.0,上海市,上海,杨浦区
嵌入式硬件工程师,常州华数锦明智能装备技术研究院有...,常州-武进区,0.8-1.5万/月,06-18,8000.0,15000.0,江苏省,常州,武进区
嵌入式硬件工程师,南京金龙客车制造有限公司,南京,1.2-2万/月,06-18,12000.0,20000.0,江苏省,南京,
嵌入式硬件工程师,常州维格电子有限公司,常州,6-8千/月,06-18,6000.0,8000.0,江苏省,常州,
嵌入式硬件工程师,苏州三值精密仪器有限公司,苏州,10-15万/年,06-18,8333.0,12500.0,江苏省,苏州,
嵌入式硬件工程师,杭州禾迈电力电子技术有限公司,杭州,0.6-1万/月,06-18,6000.0,10000.0,浙江省,杭州,
嵌入式硬件工程师,常州三泰科技有限公司,常州-新北区,0.6-1万/月,06-18,6000.0,10000.0,江苏省,常州,新北区
嵌入式硬件工程师,汉宜电子科技（上海）有限公司,上海-浦东新区,10-20万/年,06-18,8333.0,16666.0,上海市,上海,浦东新区
嵌入式硬件工程师,宁波工业互联网研究院有限公司,宁波-海曙区,1-1.5万/月,06-19,10000.0,15000.0,浙江省,宁波,海曙区
嵌入式硬件工程师,广东尚源信息技术有限公司,佛山,0.5-1万/月,06-18,5000.0,10000.0,广东省,佛山,
嵌入式硬件工程师,曼茨环境技术（上海）有限公司,上海-嘉定区,0.8-1.5万/月,06-18,8000.0,15000.0,上海市,上海,嘉定区
嵌入式硬件工程师,江苏三棱智慧物联发展股份有限公司...,南京,6-8千/月,06-18,6000.0,8000.0,江苏省,南京,
嵌入式硬件工程师,北京鸿泰唯亚科技有限公司,北京-顺义区,2-3万/月,06-18,20000.0,30000.0,北京市,北京,顺义区
嵌入式硬件工程师,深圳市霍博克电子科技有限公司,深圳-南山区,0.8-1.3万/月,06-18,8000.0,13000.0,广东省,深圳,南山区
嵌入式硬件工程师,河南释码云识别技术研究院有限公司...,郑州-郑东新区,6-8千/月,06-18,6000.0,8000.0,河南省,郑州,郑东新区
嵌入式硬件工程师,深圳市飞思捷跃科技有限公司,深圳-宝安区,0.8-1.2万/月,06-18,8000.0,12000.0,广东省,深圳,宝安区
月薪12K嵌入式硬件工程师,迪昆集团,广州-黄埔区,1-1.5万/月,06-18,10000.0,15000.0,广东省,广州,黄埔区
月薪14k嵌入式硬件工程师,广州市蓝熙信息科技有限公司,广州-黄埔区,1-1.5万/月,06-18,10000.0,15000.0,广东省,广州,黄埔区
嵌入式硬件工程师,远大科技集团有限公司,长沙,0.7-1.2万/月,06-18,7000.0,12000.0,湖南省,长沙,
嵌入式硬件工程师,东莞家瑞康医疗科技有限公司,深圳-南山区,1.1-1.5万/月,06-18,11000.0,15000.0,广东省,深圳,南山区
月薪13k嵌入式硬件工程师,蓝熙集团,广州-黄埔区,1-1.5万/月,06-18,10000.0,15000.0,广东省,广州,黄埔区
嵌入式硬件工程师,陕西万方汽车零部件有限公司,西安,1-1.5万/月,06-18,10000.0,15000.0,陕西省,西安,
月薪13K嵌入式硬件工程师,道格集团,广州-黄埔区,1-1.5万/月,06-18,10000.0,15000.0,广东省,广州,黄埔区
嵌入式硬件工程师,中船海洋探测技术研究院有限公司,无锡,1-2万/月,06-18,10000.0,20000.0,江苏省,无锡,
嵌入式硬件工程师,北京嘉士宝科技有限公司,北京-朝阳区,0.6-1.2万/月,06-18,6000.0,12000.0,北京市,北京,朝阳区
嵌入式硬件工程师-软库科技,浙江东胜物联技术有限公司,杭州-拱墅区,1-1.5万/月,06-18,10000.0,15000.0,浙江省,杭州,拱墅区
嵌入式硬件工程师,成都颐和电子科技有限责任公司,成都,4.5-6千/月,06-18,4500.0,6000.0,四川省,成都,
嵌入式硬件工程师,成都易韵科技有限公司,成都-双流区,1-1.5万/月,06-18,10000.0,15000.0,四川省,成都,双流区
嵌入式硬件工程师,成都戎星科技有限公司,成都-武侯区,0.4-1万/月,06-18,4000.0,10000.0,四川省,成都,武侯区
嵌入式硬件工程师（公司）,中国科学院声学研究所嘉兴工程中心...,嘉兴,0.5-1.2万/月,06-18,5000.0,12000.0,浙江省,嘉兴,
嵌入式硬件工程师（逆变器/智能电源）,上海羿煜电子科技有限公司,上海-奉贤区,1.2-2.5万/月,06-18,12000.0,25000.0,上海市,上海,奉贤区
嵌入式硬件工程师,浙江禾川科技股份有限公司,杭州-余杭区,1.1-2万/月,06-18,11000.0,20000.0,浙江省,杭州,余杭区
嵌入式硬件工程师,沈阳火炬北泰数码科技有限责任公司...,沈阳-沈北新区,6-8千/月,06-18,6000.0,8000.0,辽宁省,沈阳,沈北新区
嵌入式硬件工程师,成都精位科技有限公司,成都-高新区,0.6-1.2万/月,06-18,6000.0,12000.0,四川省,成都,高新区
嵌入式硬件工程师,深圳市中天明消防科技有限公司,深圳-龙岗区,1-1.2万/月,06-18,10000.0,12000.0,广东省,深圳,龙岗区
嵌入式硬件工程师,西昊家具（深圳）有限公司,深圳-宝安区,1-1.5万/月,06-18,10000.0,15000.0,广东省,深圳,宝安区
嵌入式硬件工程师,深圳阜时科技有限公司,深圳-南山区,1.2-1.8万/月,06-18,12000.0,18000.0,广东省,深圳,南山区
嵌入式硬件工程师,上海润桂荇信息科技股份有限公司,上海-闵行区,0.8-1.5万/月,06-18,8000.0,15000.0,上海市,上海,闵行区
嵌入式硬件工程师,上海司羿智能科技有限公司,上海,1.4-1.7万/月,06-18,14000.0,17000.0,上海市,上海,
嵌入式硬件工程师,成都华泰互联科技有限公司,成都-武侯区,6-8千/月,06-18,6000.0,8000.0,四川省,成都,武侯区
嵌入式硬件工程师,上海磐诺仪器有限公司,上海-嘉定区,0.8-1万/月,06-18,8000.0,10000.0,上海市,上海,嘉定区
嵌入式硬件工程师,深圳市世格赛思医疗科技有限公司,深圳-宝安区,0.8-1.8万/月,06-18,8000.0,18000.0,广东省,深圳,宝安区
嵌入式硬件工程师,广东卓纬科技有限公司,深圳-南山区,1-2万/月,06-19,10000.0,20000.0,广东省,深圳,南山区
嵌入式硬件工程师,上海康达卡勒幅医疗科技有限公司,上海-宝山区,1-1.5万/月,06-18,10000.0,15000.0,上海市,上海,宝山区
嵌入式硬件工程师,北京独创时代科技有限公司,深圳,1-1.5万/月,06-19,10000.0,15000.0,广东省,深圳,
嵌入式硬件工程师,成都思源兄弟科技有限公司,成都-高新区,0.8-1万/月,06-18,8000.0,10000.0,四川省,成都,高新区
嵌入式硬件工程师,赤松城（北京）科技有限公司,北京-海淀区,0.8-1.5万/月,06-18,8000.0,15000.0,北京市,北京,海淀区
嵌入式硬件工程师,上海贝电实业（集团）股份有限公司...,上海,1.1-1.6万/月,06-18,11000.0,16000.0,上海市,上海,
嵌入式硬件工程师,西安先驱电子科技有限公司,西安,4.5-6千/月,06-18,4500.0,6000.0,陕西省,西安,
嵌入式硬件工程师,无锡锡自电力自动化系统有限公司,无锡,2-2.5万/月,06-18,20000.0,25000.0,江苏省,无锡,
高级嵌入式硬件工程师,上海翼捷工业安全设备股份有限公司...,上海-闵行区,1.5-2万/月,06-18,15000.0,20000.0,上海市,上海,闵行区
嵌入式硬件工程师,成都菲斯洛克电子技术有限公司,成都-武侯区,6-8千/月,06-18,6000.0,8000.0,四川省,成都,武侯区
嵌入式硬件工程师,常州市速瑞医疗科技有限公司,上海-浦东新区,1.5-2万/月,06-18,15000.0,20000.0,上海市,上海,浦东新区
嵌入式硬件工程师,深圳市宏发芯创电子科技有限公司,东莞-樟木头镇,6-8千/月,06-18,6000.0,8000.0,广东省,东莞,樟木头镇
嵌入式硬件工程师,上海晨昆实业有限公司,重庆-渝北区,0.9-1.8万/月,06-18,9000.0,18000.0,重庆市,重庆,渝北区
嵌入式硬件工程师,广东若铂智能机器人有限公司,佛山-南海区,1-2万/月,06-18,10000.0,20000.0,广东省,佛山,南海区
嵌入式硬件工程师,上海上实龙创智能科技股份有限公司...,上海-静安区,1.2-1.5万/月,06-18,12000.0,15000.0,上海市,上海,静安区
嵌入式硬件工程师,珠海奔图电子有限公司,珠海,6-8千/月,06-18,6000.0,8000.0,广东省,珠海,
嵌入式硬件工程师,深圳成川医疗有限公司,深圳-南山区,1.2-1.8万/月,06-18,12000.0,18000.0,广东省,深圳,南山区
高级嵌入式硬件工程师,深圳市宝利根精密仪器有限公司,深圳-龙岗区,0.8-1.5万/月,06-18,8000.0,15000.0,广东省,深圳,龙岗区
嵌入式硬件工程师,杭州宇树科技有限公司,杭州-滨江区,1.5-2.6万/月,06-19,15000.0,26000.0,浙江省,杭州,滨江区
嵌入式硬件工程师,成都翰东科技有限公司,成都-武侯区,6-9千/月,06-18,6000.0,9000.0,四川省,成都,武侯区
嵌入式硬件工程师,上海天奥信息科技有限公司,上海-普陀区,10-15万/年,06-18,8333.0,12500.0,上海市,上海,普陀区
嵌入式硬件工程师,中山联合光电科技股份有限公司,武汉-东湖新技...,1-1.5万/月,06-18,10000.0,15000.0,湖北省,武汉,东湖新技...
嵌入式硬件工程师,深圳市南科芯微电子有限公司,深圳-龙岗区,1.2-1.5万/月,06-18,12000.0,15000.0,广东省,深圳,龙岗区
嵌入式硬件工程师,瑞尔声学（深圳）有限公司,南京-浦口区,0.5-1万/月,06-19,5000.0,10000.0,江苏省,南京,浦口区
嵌入式硬件工程师,北京双竞科技有限公司,北京,0.6-1万/月,06-18,6000.0,10000.0,北京市,北京,
高级嵌入式硬件工程师,上海镭隆科技发展有限公司,上海,1.2-2.5万/月,06-18,12000.0,25000.0,上海市,上海,
嵌入式硬件工程师,广州市吉灏电子有限公司,深圳,1-5万/月,06-18,10000.0,50000.0,广东省,深圳,
嵌入式硬件工程师,江苏东大集成电路系统工程技术有限...,南京-浦口区,0.7-1.2万/月,06-18,7000.0,12000.0,江苏省,南京,浦口区
嵌入式硬件工程师,深圳赛尔智控科技有限公司,深圳-宝安区,2-3万/月,06-18,20000.0,30000.0,广东省,深圳,宝安区
嵌入式硬件工程师,上海士翌测试技术有限公司,上海-浦东新区,0.8-1.5万/月,06-18,8000.0,15000.0,上海市,上海,浦东新区
嵌入式硬件工程师,西安君晖航空科技有限公司,西安,0.8-1.2万/月,06-18,8000.0,12000.0,陕西省,西安,
嵌入式硬件工程师,深圳市曼恩斯特科技有限公司,深圳-坪山区,0.8-1.2万/月,06-18,8000.0,12000.0,广东省,深圳,坪山区
嵌入式硬件工程师,苏州倍安电子科技有限公司,苏州,0.8-1.5万/月,06-18,8000.0,15000.0,江苏省,苏州,
嵌入式硬件工程师,凯乐士科技有限公司,无锡,0.8-1.2万/月,06-18,8000.0,12000.0,江苏省,无锡,
嵌入式硬件工程师,宁波保税区立诚信息技术有限公司,宁波-北仑区,0.8-1.5万/月,06-18,8000.0,15000.0,浙江省,宁波,北仑区
嵌入式硬件工程师（邻泰）,哈工大机器人集团合肥有限公司,合肥-经开区,0.8-1.5万/月,06-18,8000.0,15000.0,安徽省,合肥,经开区
嵌入式硬件工程师,广东汇涛工程科技有限公司,佛山-顺德区,6-8千/月,06-18,6000.0,8000.0,广东省,佛山,顺德区
嵌入式硬件工程师,上海北林电子技术有限公司,青岛-崂山区,6-8千/月,06-18,6000.0,8000.0,山东省,青岛,崂山区
嵌入式硬件工程师,广州珠江云峰投资控股有限公司,广州-番禺区,1-1.5万/月,06-18,10000.0,15000.0,广东省,广州,番禺区
嵌入式硬件工程师,杭州研智科技有限公司,杭州-滨江区,0.8-2万/月,06-18,8000.0,20000.0,浙江省,杭州,滨江区
嵌入式硬件工程师,苏州锐讯生物科技有限公司,苏州-工业园区,0.8-2万/月,06-18,8000.0,20000.0,江苏省,苏州,工业园区
嵌入式硬件工程师,深圳市振邦智能科技股份有限公司,深圳-光明新区,0.8-1.5万/月,06-18,8000.0,15000.0,广东省,深圳,光明新区
嵌入式硬件工程师,西安普瑞米特科技有限公司,西安-高新技术...,0.6-1万/月,06-18,6000.0,10000.0,陕西省,西安,高新技术...
嵌入式硬件工程师,深圳市英威腾电气股份有限公司,深圳-光明新区,15-20万/年,06-18,12500.0,16666.0,广东省,深圳,光明新区
嵌入式硬件工程师,上海瑞立柯信息技术有限公司,上海-徐汇区,10-15万/年,06-19,8333.0,12500.0,上海市,上海,徐汇区
嵌入式硬件工程师,湖北英特搏智能机器有限公司,武汉-洪山区,0.9-1.2万/月,06-18,9000.0,12000.0,湖北省,武汉,洪山区
嵌入式硬件工程师,浙江智昌机器人科技有限公司,上海-闵行区,0.8-1.5万/月,06-18,8000.0,15000.0,上海市,上海,闵行区
嵌入式硬件工程师,京信通信系统（中国）有限公司,广州-黄埔区,1-2万/月,06-18,10000.0,20000.0,广东省,广州,黄埔区
嵌入式硬件工程师,沈阳中康医疗科技有限公司,沈阳-和平区,0.8-1.5万/月,06-18,8000.0,15000.0,辽宁省,沈阳,和平区
嵌入式硬件工程师,辽宁航宇星物联仪表科技有限公司,沈阳-苏家屯区,4-8千/月,06-18,4000.0,8000.0,辽宁省,沈阳,苏家屯区
嵌入式硬件工程师,北京亮城科技有限公司,青岛-崂山区,6-8千/月,06-18,6000.0,8000.0,山东省,青岛,崂山区
嵌入式硬件工程师,南京能瑞电力科技有限公司,南京-江宁区,1.5-2万/月,06-18,15000.0,20000.0,江苏省,南京,江宁区
嵌入式硬件工程师,深圳邦健生物医疗设备股份有限公司...,深圳,1-1.5万/月,06-18,10000.0,15000.0,广东省,深圳,
嵌入式硬件工程师,福建星云电子股份有限公司,福州-马尾区,2.5-3.5万/月,06-18,25000.0,35000.0,福建省,福州,马尾区
嵌入式硬件工程师,深圳坚朗海贝斯智能科技有限公司,深圳-龙岗区,5-8千/月,06-18,5000.0,8000.0,广东省,深圳,龙岗区
嵌入式硬件工程师,常州新思维电子股份有限公司,常州-新北区,1-1.5万/月,06-18,10000.0,15000.0,江苏省,常州,新北区
嵌入式硬件工程师,浙江圣奥家具制造有限公司,杭州-萧山区,1-1.5万/月,06-18,10000.0,15000.0,浙江省,杭州,萧山区
嵌入式硬件工程师,上海浩也光电科技有限公司,上海-松江区,1-1.5万/月,06-18,10000.0,15000.0,上海市,上海,松江区
嵌入式硬件工程师,上海科华生物工程股份有限公司,上海-徐汇区,22.4-28万/年,06-18,18666.0,23333.0,上海市,上海,徐汇区
嵌入式硬件工程师,长沙创客电子有限公司,长沙-岳麓区,1-1.5万/月,06-18,10000.0,15000.0,湖南省,长沙,岳麓区
嵌入式硬件工程师,深圳市昂科数字技术股份有限公司,深圳-南山区,1-2.5万/月,06-18,10000.0,25000.0,广东省,深圳,南山区
嵌入式硬件工程师,深圳市鸿睿物联科技发展有限公司,深圳,0.8-1.2万/月,06-18,8000.0,12000.0,广东省,深圳,
嵌入式硬件工程师,矽磊科技（香港）有限公司 NEURON...,深圳-福田区,1.5-2万/月,06-18,15000.0,20000.0,广东省,深圳,福田区
嵌入式硬件工程师,宁波翌达科技有限公司,成都-高新区,6-8千/月,06-18,6000.0,8000.0,四川省,成都,高新区
嵌入式硬件工程师,上海豫兴电子科技有限公司,上海-青浦区,0.6-3万/月,06-17,6000.0,30000.0,上海市,上海,青浦区
嵌入式硬件工程师,贵州小糊涂仙酒业有限公司,广州-番禺区,1-1.5万/月,06-17,10000.0,15000.0,广东省,广州,番禺区
嵌入式硬件工程师,武汉互创联合科技有限公司,武汉-武昌区,7.5-10万/年,06-17,6250.0,8333.0,湖北省,武汉,武昌区
嵌入式硬件工程师,长沙华时捷环保科技发展股份有限公...,长沙,5-8千/月,06-17,5000.0,8000.0,湖南省,长沙,
嵌入式硬件工程师,重庆举宇科技有限公司,重庆-江北区,3.5-8千/月,06-17,3500.0,8000.0,重庆市,重庆,江北区
嵌入式硬件工程师,广州南方卫星导航仪器有限公司,广州-天河区,0.7-1.4万/月,06-17,7000.0,14000.0,广东省,广州,天河区
嵌入式硬件工程师,精达科技研发（深圳）有限公司,深圳-南山区,1.3-2万/月,06-17,13000.0,20000.0,广东省,深圳,南山区
嵌入式硬件工程师,四川零点自动化系统有限公司,绵阳,0.8-1万/月,06-17,8000.0,10000.0,四川省,绵阳,
嵌入式硬件工程师,青岛魁罡铁路装备集团有限公司,青岛-城阳区,0.7-1万/月,06-17,7000.0,10000.0,山东省,青岛,城阳区
嵌入式硬件工程师,上海华新乐器有限公司,上海-浦东新区,6-8千/月,06-17,6000.0,8000.0,上海市,上海,浦东新区
嵌入式硬件工程师,南大傲拓科技江苏股份有限公司,南京-江宁区,1.5-3万/月,06-17,15000.0,30000.0,江苏省,南京,江宁区
嵌入式硬件工程师,北京三清智库科技开发有限公司,北京-丰台区,1.2-2万/月,06-17,12000.0,20000.0,北京市,北京,丰台区
嵌入式硬件工程师,湖南银河电气有限公司,长沙-长沙县,1-1.3万/月,06-17,10000.0,13000.0,湖南省,长沙,长沙县
嵌入式硬件工程师,深圳市智绘科技有限公司,深圳-南山区,1-2万/月,06-17,10000.0,20000.0,广东省,深圳,南山区
嵌入式硬件工程师,杭州凌石信息技术有限公司,杭州-西湖区,1-1.5万/月,06-17,10000.0,15000.0,浙江省,杭州,西湖区
嵌入式硬件工程师,上海何如自控技术有限公司,常州-武进区,6-8千/月,06-17,6000.0,8000.0,江苏省,常州,武进区
嵌入式硬件工程师,杭州安费诺飞凤通信部品有限公司,杭州,1.5-2.5万/月,06-17,15000.0,25000.0,浙江省,杭州,
嵌入式硬件工程师,江西旭锋光电技术有限公司,南昌-青山湖区,0.8-1万/月,06-17,8000.0,10000.0,江西省,南昌,青山湖区
嵌入式硬件工程师（电子产品）,镇江赛尔尼柯自动化有限公司,镇江,0.6-1.2万/月,06-17,6000.0,12000.0,江苏省,镇江,
嵌入式硬件工程师,珠海领跑电气有限公司,珠海-香洲区,12-15万/年,06-17,10000.0,12500.0,广东省,珠海,香洲区
嵌入式硬件工程师 双休 年终奖,南京能启能电子科技有限公司,南京-浦口区,0.8-1.7万/月,06-17,8000.0,17000.0,江苏省,南京,浦口区
嵌入式硬件工程师（西安）,北京轩宇信息技术有限公司,西安-雁塔区,1-1.5万/月,06-17,10000.0,15000.0,陕西省,西安,雁塔区
嵌入式硬件工程师,成都恒锐智科数字技术有限公司,成都-高新区,0.5-2万/月,06-17,5000.0,20000.0,四川省,成都,高新区
嵌入式硬件工程师,深圳把把智能科技有限公司,深圳-宝安区,1-2万/月,06-17,10000.0,20000.0,广东省,深圳,宝安区
嵌入式硬件工程师,四川神琥科技有限公司,成都,0.9-1.5万/月,06-17,9000.0,15000.0,四川省,成都,
高级嵌入式硬件工程师,浙江大学滨海产业技术研究院,天津-滨海新区,0.8-1.6万/月,06-17,8000.0,16000.0,天津市,天津,滨海新区
嵌入式硬件工程师,浙江闪铸三维科技有限公司,杭州-西湖区,1-2万/月,06-17,10000.0,20000.0,浙江省,杭州,西湖区
嵌入式硬件工程师,无锡华普微电子有限公司,无锡-无锡新区,0.7-1.2万/月,06-17,7000.0,12000.0,江苏省,无锡,无锡新区
嵌入式硬件工程师/主管,凯德斯环保科技(烟台)有限公司,武汉-东湖新技...,1.5-2万/月,06-17,15000.0,20000.0,湖北省,武汉,东湖新技...
嵌入式硬件工程师,宁波聚华光学科技有限公司,宁波-鄞州区,0.7-1.1万/月,06-17,7000.0,11000.0,浙江省,宁波,鄞州区
嵌入式硬件工程师,南京星掣信息技术有限公司,南京-溧水区,1-1.5万/月,06-17,10000.0,15000.0,江苏省,南京,溧水区
嵌入式硬件工程师,常州易控汽车电子股份有限公司,成都,0.8-1.2万/月,06-17,8000.0,12000.0,四川省,成都,
嵌入式硬件工程师,金卡智能集团股份有限公司,温州,4-8千/月,06-17,4000.0,8000.0,浙江省,温州,
嵌入式硬件工程师,亿柏国际科技(深圳)有限公司,深圳-南山区,1-2万/月,06-17,10000.0,20000.0,广东省,深圳,南山区
嵌入式硬件工程师、硬件工程师 自动控制工程师,深圳市华辰联创科技有限公司,深圳-南山区,5-8千/月,06-17,5000.0,8000.0,广东省,深圳,南山区
嵌入式硬件工程师,中科天工（武汉）智能技术有限公司...,武汉-江夏区,0.9-1.2万/月,06-17,9000.0,12000.0,湖北省,武汉,江夏区
嵌入式硬件工程师,南京创优科技有限责任公司,南京,1-2万/月,06-17,10000.0,20000.0,江苏省,南京,
嵌入式硬件工程师,山东有人信息技术有限公司,武汉-洪山区,0.6-1万/月,06-17,6000.0,10000.0,湖北省,武汉,洪山区
嵌入式硬件工程师,江苏大烨物联科技有限公司,南京-江宁区,1-2万/月,06-17,10000.0,20000.0,江苏省,南京,江宁区
嵌入式硬件工程师,南京未来里物联科技有限公司,南京,1-1.5万/月,06-17,10000.0,15000.0,江苏省,南京,
嵌入式硬件工程师,武汉中航传感技术有限责任公司,武汉-洪山区,0.7-1.1万/月,06-17,7000.0,11000.0,湖北省,武汉,洪山区
嵌入式硬件工程师,千里马机械供应链股份有限公司,武汉-东西湖区,1-1.5万/月,06-17,10000.0,15000.0,湖北省,武汉,东西湖区
资深嵌入式硬件工程师,深圳市善行医疗科技有限公司,深圳-南山区,1.2-2万/月,06-17,12000.0,20000.0,广东省,深圳,南山区
嵌入式硬件工程师,西安金源电气股份有限公司,西安-高新技术...,0.6-1.2万/月,06-17,6000.0,12000.0,陕西省,西安,高新技术...
嵌入式硬件工程师,博众精工科技股份有限公司,苏州-吴江区,1-1.5万/月,06-17,10000.0,15000.0,江苏省,苏州,吴江区
嵌入式硬件工程师（光电传感方向）,深圳麦格米特电气股份有限公司,深圳,1-2万/月,06-17,10000.0,20000.0,广东省,深圳,
嵌入式硬件工程师,江苏苏威尔科技有限公司,南京-秦淮区,0.6-1万/月,06-17,6000.0,10000.0,江苏省,南京,秦淮区
嵌入式硬件工程师（驻场）,浙江东驰科技有限公司,杭州-滨江区,1-1.5万/月,06-17,10000.0,15000.0,浙江省,杭州,滨江区
嵌入式硬件工程师,深圳市博铭维智能科技有限公司,深圳-龙华新区,1.5-2万/月,06-17,15000.0,20000.0,广东省,深圳,龙华新区
嵌入式硬件工程师,博纳德集团,佛山-顺德区,1-1.5万/月,06-17,10000.0,15000.0,广东省,佛山,顺德区
嵌入式硬件工程师,湖南长城医疗科技有限公司,长沙-长沙县,0.8-1.2万/月,06-17,8000.0,12000.0,湖南省,长沙,长沙县
嵌入式硬件工程师,成都银河思亩特数字技术有限公司,成都-武侯区,6-8千/月,06-17,6000.0,8000.0,四川省,成都,武侯区
嵌入式硬件工程师,上海绿联软件股份有限公司,合肥-蜀山区,1-2万/月,06-17,10000.0,20000.0,安徽省,合肥,蜀山区
嵌入式硬件工程师,天鲜配（上海）科技有限公司,上海-闵行区,2.5-3万/月,06-17,25000.0,30000.0,上海市,上海,闵行区
嵌入式硬件工程师,山东大学苏州研究院,苏州,13-20万/年,06-17,10833.0,16666.0,江苏省,苏州,
嵌入式硬件工程师,深圳市广和通无线股份有限公司,深圳,1-1.5万/月,06-17,10000.0,15000.0,广东省,深圳,
嵌入式硬件工程师,珠海华伟电气科技股份有限公司,珠海-珠海高新...,0.8-1.5万/月,06-17,8000.0,15000.0,广东省,珠海,珠海高新...
嵌入式硬件工程师,广州市天眼互联网科技有限公司,广州-荔湾区,0.6-1.5万/月,06-17,6000.0,15000.0,广东省,广州,荔湾区
嵌入式硬件工程师,深圳市中安视达科技有限公司,深圳,0.7-1.2万/月,06-17,7000.0,12000.0,广东省,深圳,
嵌入式硬件工程师助理,普若泰克科技发展（北京）有限公司...,廊坊,6-8千/月,06-17,6000.0,8000.0,河北省,廊坊,
嵌入式硬件工程师,湖南千智机器人科技发展有限公司,湘潭,0.6-1.2万/月,06-17,6000.0,12000.0,湖南省,湘潭,
嵌入式硬件工程师,深圳市创想三维科技有限公司,深圳-龙华新区,2-2.5万/月,06-17,20000.0,25000.0,广东省,深圳,龙华新区
嵌入式硬件工程师,无锡影速半导体科技有限公司,无锡,0.8-1万/月,06-17,8000.0,10000.0,江苏省,无锡,
嵌入式硬件工程师,苏州中民辐安仪器有限公司,苏州,1-1.5万/月,06-17,10000.0,15000.0,江苏省,苏州,
嵌入式硬件工程师,北京纳米维景科技有限公司,上海-浦东新区,1-2.5万/月,06-16,10000.0,25000.0,上海市,上海,浦东新区
嵌入式硬件工程师（中级）,江苏大周基业智能科技有限公司,南京-雨花台区,0.8-1.5万/月,06-16,8000.0,15000.0,江苏省,南京,雨花台区
嵌入式硬件工程师,南京根土农业科技有限公司,南京-玄武区,1-2万/月,06-16,10000.0,20000.0,江苏省,南京,玄武区
嵌入式硬件工程师,西安亚能电气有限责任公司,西安,1.2-2万/月,06-16,12000.0,20000.0,陕西省,西安,
嵌入式硬件工程师,广东康云多维视觉智能科技有限公司...,广州-黄埔区,1-1.8万/月,06-16,10000.0,18000.0,广东省,广州,黄埔区
嵌入式硬件工程师,上海企想信息技术有限公司,上海-宝山区,6-8千/月,06-16,6000.0,8000.0,上海市,上海,宝山区
嵌入式硬件工程师,南京东屋电气有限公司,南京,1-1.5万/月,06-16,10000.0,15000.0,江苏省,南京,
嵌入式硬件工程师,江苏若临物联科技有限公司,苏州-工业园区,0.8-1.2万/月,06-16,8000.0,12000.0,江苏省,苏州,工业园区
嵌入式硬件工程师（射频）,中科芯集成电路股份有限公司,南京-浦口区,1-1.5万/月,06-16,10000.0,15000.0,江苏省,南京,浦口区
嵌入式硬件工程师,广州紫川电子科技有限公司,广州-南沙区,0.7-2万/月,06-16,7000.0,20000.0,广东省,广州,南沙区
嵌入式硬件工程师,广东普门生物医疗科技有限公司,东莞-松山湖区,0.8-1.2万/月,06-16,8000.0,12000.0,广东省,东莞,松山湖区
嵌入式硬件工程师,南京东南建筑机电抗震研究院有限公...,南京-溧水区,0.8-1.5万/月,06-16,8000.0,15000.0,江苏省,南京,溧水区
嵌入式硬件工程师,深圳市合元科技有限公司,深圳,1.5-2万/月,06-16,15000.0,20000.0,广东省,深圳,
嵌入式硬件工程师,浙江奔一电气有限公司,温州,1-1.2万/月,06-16,10000.0,12000.0,浙江省,温州,
嵌入式硬件工程师,北京瑞赛长城航空测控技术有限公司...,北京,0.6-1.2万/月,06-16,6000.0,12000.0,北京市,北京,
嵌入式硬件工程师,浙江康立自控科技有限公司,杭州-滨江区,1-1.5万/月,06-16,10000.0,15000.0,浙江省,杭州,滨江区
嵌入式硬件工程师,武汉飞恩微电子有限公司,武汉-洪山区,0.3-1万/月,06-16,3000.0,10000.0,湖北省,武汉,洪山区
嵌入式硬件工程师,上海金网通信技术发展有限公司,上海-松江区,0.8-1.5万/月,06-16,8000.0,15000.0,上海市,上海,松江区
嵌入式硬件工程师,珠海康晋电气股份有限公司,珠海,1-2万/月,06-16,10000.0,20000.0,广东省,珠海,
嵌入式硬件工程师（双休+入职五险一金+旅游+体检）,北京华电云通电力技术有限公司,长沙-岳麓区,1-2万/月,06-16,10000.0,20000.0,湖南省,长沙,岳麓区
嵌入式硬件工程师,北京外企人力资源服务青岛有限公司...,青岛,1-1.5万/月,06-16,10000.0,15000.0,山东省,青岛,
嵌入式硬件工程师,霍尼韦尔（中国）有限公司,西安-雁塔区,15-20万/年,06-16,12500.0,16666.0,陕西省,西安,雁塔区
嵌入式硬件工程师,江西飞尚科技有限公司,南昌,0.5-1.5万/月,06-16,5000.0,15000.0,江西省,南昌,
Broncus-嵌入式硬件工程师（蒸汽消融）,堃博生物科技（上海）有限公司,杭州-滨江区,0.7-1.5万/月,06-16,7000.0,15000.0,浙江省,杭州,滨江区
嵌入式硬件工程师,西安聚能仪器有限公司,西安-未央区,0.4-1.2万/月,06-16,4000.0,12000.0,陕西省,西安,未央区
硬件工程师/嵌入式硬件工程师,西安锦威电子科技有限公司,西安-高新技术...,0.8-1.5万/月,06-16,8000.0,15000.0,陕西省,西安,高新技术...
嵌入式硬件工程师,上海朝辉压力仪器有限公司,上海-松江区,0.8-1.5万/月,06-19,8000.0,15000.0,上海市,上海,松江区
嵌入式硬件工程师,广州老店长互联网科技有限公司,广州-番禺区,1-1.5万/月,06-16,10000.0,15000.0,广东省,广州,番禺区
嵌入式硬件工程师,长沙万为机器人有限公司,长沙,1-1.5万/月,06-16,10000.0,15000.0,湖南省,长沙,
