address,area,city,company,date,salary_max,salary_min,salery,title,province
武汉-黄陂区,黄陂区,武汉,武汉中飞扬测控工程有限公司,06-19,8000.0,6000.0,6-8千/月,嵌入式硬件工程师（双休）,湖北
成都-高新区,高新区,成都,钛深科技（深圳）有限公司,06-19,15000.0,8000.0,0.8-1.5万/月,嵌入式硬件工程师,四川
上海-闵行区,闵行区,上海,上海智显光电科技有限公司,06-19,12500.0,8333.0,10-15万/年,嵌入式硬件工程师,上海
南京-鼓楼区,鼓楼区,南京,南京协澳智能控制系统有限公司,06-19,30000.0,20000.0,2-3万/月,嵌入式硬件工程师,江苏
徐州,NA,徐州,江苏费尔曼安全科技有限公司,06-19,8000.0,6000.0,6-8千/月,嵌入式硬件工程师（鸿鹄安全公司）,江苏
广州-番禺区,番禺区,广州,蘑菇物联技术（深圳）有限公司,06-19,18000.0,12000.0,1.2-1.8万/月,嵌入式硬件工程师（控制器）,广东
成都-龙泉驿区,龙泉驿区,成都,四川泰和安消防科技有限公司,06-19,8000.0,6000.0,6-8千/月,嵌入式硬件工程师,四川
深圳-宝安区,宝安区,深圳,深圳市君派伟业有限公司,06-19,25000.0,10000.0,1-2.5万/月,嵌入式硬件工程师,广东
上海-闵行区,闵行区,上海,上海熠速信息技术有限公司,06-19,30000.0,12000.0,1.2-3万/月,嵌入式硬件工程师,上海
无锡-无锡新区,无锡新区,无锡,无锡江水智能仪表有限公司,06-19,15000.0,10000.0,1-1.5万/月,嵌入式硬件工程师,江苏
北京-大兴区,大兴区,北京,宁波胤瑞生物医学仪器有限责任公司...,06-19,16000.0,12000.0,1.2-1.6万/月,嵌入式硬件工程师,北京
广州-番禺区,番禺区,广州,广州奔想智能科技有限公司,06-19,8000.0,6000.0,6-8千/月,嵌入式硬件工程师,广东
杭州-余杭区,余杭区,杭州,杭州胖嘟嘟医疗用品有限公司,06-19,15000.0,10000.0,1-1.5万/月,嵌入式硬件工程师,浙江
深圳-南山区,南山区,深圳,深圳市肯綮科技有限公司,06-19,9000.0,6000.0,6-9千/月,嵌入式硬件工程师,广东
武汉-洪山区,洪山区,武汉,武汉启佑生物医疗电子有限公司,06-19,15000.0,6000.0,0.6-1.5万/月,嵌入式硬件工程师,湖北
上海-徐汇区,徐汇区,上海,上海箱箱物流科技有限公司,06-19,25000.0,15000.0,1.5-2.5万/月,嵌入式硬件工程师,上海
佛山-顺德区,顺德区,佛山,华南智能机器人创新研究院,06-19,20000.0,10000.0,1-2万/月,嵌入式硬件工程师,广东
广州-黄埔区,黄埔区,广州,广东畅视科技有限公司,06-19,20000.0,15000.0,1.5-2万/月,高级嵌入式硬件工程师,广东
上海-松江区,松江区,上海,上海恪成实业有限公司,06-19,15000.0,10000.0,1-1.5万/月,嵌入式硬件工程师,上海
深圳-龙华新区,龙华新区,深圳,深圳市港晟电子有限公司,06-19,20000.0,15000.0,1.5-2万/月,嵌入式硬件工程师   急聘  GS,广东
南京-江宁区,江宁区,南京,南京威因特智能科技有限公司,06-19,15000.0,10000.0,1-1.5万/月,嵌入式硬件工程师,江苏
深圳-宝安区,宝安区,深圳,深圳市天玖隆科技有限公司,06-19,14000.0,10000.0,1-1.4万/月,嵌入式硬件工程师,广东
深圳,NA,深圳,深圳市盛弘电气股份有限公司,06-19,20000.0,10000.0,1-2万/月,嵌入式硬件工程师,广东
苏州-工业园区,工业园区,苏州,南京特尔驰电子科技有限公司,06-19,12000.0,8000.0,0.8-1.2万/月,嵌入式硬件工程师,江苏
深圳-龙华新区,龙华新区,深圳,深圳市优力特技术有限公司,06-19,15000.0,10000.0,1-1.5万/月,嵌入式硬件工程师,广东
成都,NA,成都,成都赛来科技有限公司,06-19,15000.0,10000.0,1-1.5万/月,嵌入式硬件工程师,四川
广州-黄埔区,黄埔区,广州,广东粤港澳大湾区协同创新研究院,06-19,12000.0,7000.0,0.7-1.2万/月,嵌入式硬件工程师（应届生优先）,广东
青岛-崂山区,崂山区,青岛,青岛一小步科技有限公司,06-19,15000.0,10000.0,1-1.5万/月,嵌入式硬件工程师,山东
深圳-南山区,南山区,深圳,深圳市兆芯微电子有限公司,06-19,15000.0,10000.0,1-1.5万/月,嵌入式硬件工程师,广东
扬州,NA,扬州,江苏联能电子技术有限公司,06-19,10000.0,6000.0,0.6-1万/月,嵌入式硬件工程师,江苏
上海-嘉定区,嘉定区,上海,上海凯延计算机科技发展有限公司,06-19,16000.0,8000.0,0.8-1.6万/月,嵌入式硬件工程师,上海
武汉,NA,武汉,上海陆杰电子科技有限公司武汉研发...,06-19,12000.0,10000.0,1-1.2万/月,中高级嵌入式硬件工程师,湖北
济南-历下区,历下区,济南,山东云转机电科技有限公司,06-19,6000.0,4000.0,4-6千/月,嵌入式硬件工程师,山东
西安-高新技术...,高新技术...,西安,西安星云信通通信科技有限公司,06-19,10000.0,8000.0,0.8-1万/月,嵌入式硬件工程师,陕西
北京-朝阳区,朝阳区,北京,北京江云智能科技有限公司,06-19,25000.0,15000.0,1.5-2.5万/月,嵌入式硬件工程师,北京
深圳-宝安区,宝安区,深圳,深圳睿瀚医疗科技有限公司,06-19,12000.0,8000.0,0.8-1.2万/月,嵌入式硬件工程师,广东
成都,NA,成都,成都点阵科技有限公司,06-19,25000.0,15000.0,1.5-2.5万/月,嵌入式硬件工程师,四川
佛山,NA,佛山,广州市金洪发电子贸易有限公司,06-19,15000.0,8000.0,0.8-1.5万/月,嵌入式硬件工程师,广东
深圳-龙岗区,龙岗区,深圳,深圳市飞斯贝尔科技有限公司,06-19,20000.0,15000.0,1.5-2万/月,嵌入式硬件工程师,广东
深圳-南山区,南山区,深圳,江苏迪纳数字科技股份有限公司,06-19,15000.0,10000.0,1-1.5万/月,嵌入式硬件工程师,广东
无锡-梁溪区,梁溪区,无锡,无锡市人力资源市场,06-19,20000.0,10000.0,1-2万/月,嵌入式硬件工程师-中船海洋探测,江苏
重庆-沙坪坝区,沙坪坝区,重庆,重庆科昱泽机械设备有限公司,06-19,8000.0,6000.0,6-8千/月,嵌入式硬件工程师,重庆
宁波-高新区,高新区,宁波,东莞市同讯电子科技有限公司,06-19,20000.0,15000.0,1.5-2万/月,嵌入式硬件工程师,浙江
深圳,NA,深圳,深圳市致远方物联技术有限公司,06-19,15000.0,8000.0,0.8-1.5万/月,自动化工程师 嵌入式硬件工程师 PLC工程师,广东
上海-普陀区,普陀区,上海,中邮科技有限责任公司,06-19,25000.0,16666.0,20-30万/年,嵌入式硬件工程师,上海
青岛-城阳区,城阳区,青岛,青岛智腾微电子有限公司,06-19,12500.0,8333.0,10-15万/年,嵌入式硬件工程师,山东
深圳-龙岗区,龙岗区,深圳,尚秦科技（深圳）有限公司,06-19,20000.0,15000.0,1.5-2万/月,嵌入式硬件工程师,广东
深圳-福田区,福田区,深圳,深圳市大道同维科技有限公司,06-16,8000.0,5000.0,5-8千/月,嵌入式硬件工程师,广东
成都-高新区,高新区,成都,四川傲势科技有限公司,06-16,17000.0,10000.0,1-1.7万/月,嵌入式硬件工程师,四川
长沙-岳麓区,岳麓区,长沙,湖南科瑞特科技有限公司,06-16,8000.0,6000.0,6-8千/月,嵌入式硬件工程师,湖南
深圳-宝安区,宝安区,深圳,深圳市明月微电子有限公司,06-16,15000.0,8000.0,0.8-1.5万/月,嵌入式硬件工程师（周末双休+绩效奖金）,广东
深圳-龙华新区,龙华新区,深圳,埃特博兰机电工程设计（昆山）有限...,06-16,15000.0,10000.0,1-1.5万/月,嵌入式硬件工程师,广东
苏州-高新区,高新区,苏州,苏州高田精密技术有限公司,06-16,10000.0,6000.0,0.6-1万/月,嵌入式硬件工程师,江苏
烟台,NA,烟台,烟台云都海鹰无人机应用技术有限公...,06-16,10000.0,5000.0,0.5-1万/月,嵌入式硬件工程师,山东
无锡-无锡新区,无锡新区,无锡,江苏丰仪同创互联科技有限公司,06-16,10000.0,6000.0,0.6-1万/月,嵌入式硬件工程师,江苏
北京-朝阳区,朝阳区,北京,北京三角洲机器人科技有限公司,06-15,20000.0,15000.0,1.5-2万/月,嵌入式硬件工程师,北京
深圳-南山区,南山区,深圳,深圳市倍轻松科技股份有限公司,06-15,22000.0,13000.0,1.3-2.2万/月,嵌入式硬件工程师,广东
重庆,NA,重庆,重庆国翰能源发展有限公司,06-15,10000.0,8000.0,0.8-1万/月,嵌入式硬件工程师,重庆
上海-闵行区,闵行区,上海,上海米度测控科技有限公司,06-15,15000.0,8000.0,0.8-1.5万/月,嵌入式硬件工程师,上海
苏州-相城区,相城区,苏州,清华大学苏州汽车研究院,06-15,15000.0,10000.0,1-1.5万/月,嵌入式硬件工程师,江苏
上海,NA,上海,上海船用柴油机研究所（中国船舶重...,06-15,20000.0,8000.0,0.8-2万/月,嵌入式硬件工程师（自动化）,上海
上海-闵行区,闵行区,上海,上海希路智能科技有限公司,06-15,8000.0,6000.0,6-8千/月,嵌入式硬件工程师,上海
嘉兴,NA,嘉兴,浙江清华长三角研究院,06-15,35000.0,18000.0,1.8-3.5万/月,嵌入式硬件工程师（信息所）,浙江
无锡-梁溪区,梁溪区,无锡,无锡必创传感科技有限公司,06-15,8000.0,7000.0,7-8千/月,嵌入式硬件工程师,江苏
深圳-宝安区,宝安区,深圳,深圳市中和智通智能科技有限公司,06-15,20000.0,15000.0,1.5-2万/月,嵌入式硬件工程师（急聘）,广东
无锡,NA,无锡,无锡市人力资源市场,06-15,16000.0,12000.0,1.2-1.6万/月,嵌入式硬件工程师,江苏
深圳-龙岗区,龙岗区,深圳,深圳市赛格导航科技股份有限公司,06-15,8000.0,6000.0,6-8千/月,嵌入式硬件工程师,广东
上海-闵行区,闵行区,上海,上海希路智能科技有限公司,06-15,15000.0,8000.0,0.8-1.5万/月,JD-嵌入式硬件工程师,上海
成都-金牛区,金牛区,成都,四川博源科技有限责任公司,06-15,15000.0,10000.0,1-1.5万/月,嵌入式硬件工程师,四川
深圳-宝安区,宝安区,深圳,深圳市飞图视讯有限公司,06-15,16000.0,10000.0,1-1.6万/月,嵌入式硬件工程师,广东
深圳-宝安区,宝安区,深圳,深圳市新能安华技术有限公司,06-15,15000.0,10000.0,1-1.5万/月,嵌入式硬件工程师,广东
广州-番禺区,番禺区,广州,华瑞福恒（广州）科技有限公司,06-15,13000.0,6000.0,0.6-1.3万/月,嵌入式硬件工程师,广东
上海-浦东新区,浦东新区,上海,上海金脉电子科技有限公司,06-15,15000.0,10000.0,1-1.5万/月,嵌入式硬件工程师,上海
沈阳,NA,沈阳,北京馨泽亿家网络科技有限公司,06-15,8000.0,6000.0,6-8千/月,嵌入式硬件工程师,辽宁
上海-松江区,松江区,上海,上海三创电子科技有限公司,06-15,8000.0,6000.0,6-8千/月,硬件工程师/嵌入式硬件工程师/电脑主板维修工程师,上海
深圳-福田区,福田区,深圳,深圳市柏为信息技术有限公司,06-14,15000.0,8000.0,0.8-1.5万/月,嵌入式硬件工程师,广东
上海-闵行区,闵行区,上海,上海大丁自动化科技有限公司,06-14,14000.0,7000.0,0.7-1.4万/月,嵌入式硬件工程师,上海
重庆-渝北区,渝北区,重庆,华通科技有限公司,06-14,15000.0,8000.0,0.8-1.5万/月,嵌入式硬件工程师,重庆
东莞-松山湖区,松山湖区,东莞,广东思沃精密机械有限公司,06-13,20000.0,10000.0,1-2万/月,嵌入式硬件工程师,广东
青岛-城阳区,城阳区,青岛,博盛（中国）控制器有限公司,06-13,20000.0,10000.0,1-2万/月,嵌入式硬件工程师 Hardware Development Engineer,山东
中山,NA,中山,广东聚思电子有限公司,06-13,10000.0,8000.0,0.8-1万/月,嵌入式硬件工程师,广东
北京-丰台区,丰台区,北京,双登集团股份有限公司,06-12,20000.0,10000.0,1-2万/月,嵌入式硬件工程师,北京
天津,NA,天津,天津市英贝特航天科技有限公司,06-12,6000.0,4500.0,4.5-6千/月,嵌入式硬件工程师,天津
无锡-江阴市,江阴市,无锡,江阴市富仁高科股份有限公司,06-12,20000.0,15000.0,1.5-2万/月,嵌入式硬件工程师,江苏
苏州-高新区,高新区,苏州,苏州万店掌网络科技有限公司,06-12,14000.0,9000.0,0.9-1.4万/月,嵌入式硬件工程师,江苏
哈尔滨,NA,哈尔滨,哈尔滨今星微电子科技有限公司,06-12,10000.0,5000.0,0.5-1万/月,嵌入式硬件工程师,黑龙江
南京-浦口区,浦口区,南京,无锡中感微电子股份有限公司,06-12,20000.0,10000.0,1-2万/月,嵌入式硬件工程师,江苏
武汉-洪山区,洪山区,武汉,武汉三江中电科技有限责任公司,06-12,12000.0,8000.0,0.8-1.2万/月,嵌入式硬件工程师,湖北
深圳-宝安区,宝安区,深圳,深圳市中科信通信息技术有限公司,06-12,15000.0,10000.0,1-1.5万/月,嵌入式硬件工程师,广东
西安,NA,西安,西安旭彤电子科技股份有限公司,06-12,15000.0,8000.0,0.8-1.5万/月,嵌入式硬件工程师,陕西
东莞,NA,东莞,广东逸动科技有限公司,06-12,20000.0,15000.0,1.5-2万/月,嵌入式硬件工程师,广东
无锡-无锡新区,无锡新区,无锡,海速芯（无锡）科技有限公司,06-12,15000.0,10000.0,1-1.5万/月,嵌入式硬件工程师,江苏
成都,NA,成都,成都思维硅信科技有限责任公司,06-12,8000.0,4000.0,4-8千/月,嵌入式硬件工程师,四川
苏州-相城区,相城区,苏州,江苏集萃脑机融合智能技术研究所有...,06-12,20000.0,12500.0,15-24万/年,嵌入式硬件工程师,江苏
郑州-郑东新区,郑东新区,郑州,郑州枫华实业股份有限公司,06-12,10000.0,6000.0,0.6-1万/月,嵌入式硬件工程师（五险一金+包吃住）,河南
北京-东城区,东城区,北京,爱动超越人工智能科技（北京）有限...,06-12,15000.0,10000.0,1-1.5万/月,嵌入式硬件工程师,北京
上海-松江区,松江区,上海,中仿智能科技（上海）股份有限公司...,06-11,15000.0,8000.0,0.8-1.5万/月,嵌入式硬件工程师,上海
成都-双流区,双流区,成都,智慧式控股有限公司,06-11,10000.0,8000.0,0.8-1万/月,嵌入式硬件工程师,四川
广州-黄埔区,黄埔区,广州,广东百德朗科技有限公司,06-11,15000.0,9000.0,0.9-1.5万/月,嵌入式硬件工程师/高级硬件工程师（IoT）,广东
无锡-滨湖区,滨湖区,无锡,无锡盛景电子科技有限公司,06-11,20000.0,15000.0,1.5-2万/月,嵌入式硬件工程师,江苏
南京-秦淮区,秦淮区,南京,南京美基森信息技术有限公司,06-11,20000.0,15000.0,1.5-2万/月,嵌入式硬件工程师,江苏
苏州,NA,苏州,江苏固德威电源科技股份有限公司,06-11,15000.0,10000.0,1-1.5万/月,嵌入式硬件工程师,江苏
南京-雨花台区,雨花台区,南京,南京谷佰信息科技有限公司,06-11,12000.0,8000.0,0.8-1.2万/月,嵌入式硬件工程师,江苏
深圳-南山区,南山区,深圳,深圳智联时代信息技术有限公司,06-11,10000.0,8000.0,0.8-1万/月,嵌入式硬件工程师,广东
宁波-高新区,高新区,宁波,宁波智轩物联网科技有限公司,06-11,12000.0,6000.0,0.6-1.2万/月,嵌入式硬件工程师,浙江
深圳-宝安区,宝安区,深圳,广东敏华电器有限公司,06-11,25000.0,15000.0,1.5-2.5万/月,高级嵌入式硬件工程师,广东
武汉-硚口区,硚口区,武汉,湖北贡想实业有限公司,06-10,12000.0,8000.0,0.8-1.2万/月,嵌入式硬件工程师,湖北
上海,NA,上海,上海华铭智能终端设备股份有限公司...,06-10,18000.0,12000.0,1.2-1.8万/月,嵌入式硬件工程师,上海
郑州-中原区,中原区,郑州,河南众擎科技有限公司,06-10,12000.0,7000.0,0.7-1.2万/月,嵌入式硬件工程师,河南
北京-海淀区,海淀区,北京,汉王科技股份有限公司,06-10,16000.0,12000.0,1.2-1.6万/月,嵌入式硬件工程师,北京
杭州-江干区,江干区,杭州,杭州路格科技有限公司,06-10,8000.0,5000.0,5-8千/月,嵌入式硬件工程师,浙江
武汉-东西湖区,东西湖区,武汉,智联天地（武汉）科技有限公司,06-10,10000.0,8000.0,0.8-1万/月,嵌入式硬件工程师,湖北
深圳-宝安区,宝安区,深圳,深圳市斯迈迪科技发展有限公司,06-10,25000.0,16666.0,20-30万/年,嵌入式硬件工程师,广东
杭州,NA,杭州,杭州微策生物技术有限公司,06-10,8000.0,6000.0,6-8千/月,001嵌入式硬件工程师,浙江
长沙-开福区,开福区,长沙,长沙鼎端电子技术有限公司,06-10,12500.0,8333.0,10-15万/年,嵌入式硬件工程师,湖南
苏州-工业园区,工业园区,苏州,苏州鸿益丰光电有限公司,06-10,12000.0,5000.0,0.5-1.2万/月,嵌入式硬件工程师,江苏
常州,NA,常州,江苏立华牧业股份有限公司,06-10,16000.0,12000.0,1.2-1.6万/月,嵌入式硬件工程师,江苏
东莞,NA,东莞,广东每通测控科技股份有限公司,06-10,20000.0,15000.0,1.5-2万/月,嵌入式硬件工程师,广东
杭州-滨江区,滨江区,杭州,杭州三里电子科技有限公司,06-10,10000.0,8000.0,0.8-1万/月,嵌入式硬件工程师,浙江
南京,NA,南京,江苏百宁盈创医疗科技有限公司,06-09,23000.0,13000.0,1.3-2.3万/月,嵌入式硬件工程师,江苏
杭州-富阳区,富阳区,杭州,杭州巨骐信息科技股份有限公司,06-09,12500.0,8333.0,10-15万/年,嵌入式硬件工程师,浙江
西安-未央区,未央区,西安,西安维塑智能科技有限责任公司,06-09,10000.0,8000.0,0.8-1万/月,嵌入式硬件工程师,陕西
北京-丰台区,丰台区,北京,北京动力源科技股份有限公司,06-09,16000.0,12000.0,1.2-1.6万/月,嵌入式硬件工程师,北京
珠海,NA,珠海,珠海市磐石电子科技有限公司,06-09,12000.0,6000.0,0.6-1.2万/月,嵌入式硬件工程师,广东
武汉-东湖新技...,东湖新技...,武汉,武汉中元华电科技股份有限公司,06-08,15000.0,10000.0,1-1.5万/月,嵌入式硬件工程师,湖北
泰安,NA,泰安,山东泰开电力电子有限公司,06-08,25000.0,20000.0,2-2.5万/月,嵌入式硬件工程师,山东
广州-黄埔区,黄埔区,广州,清华珠三角研究院,06-08,10000.0,8000.0,0.8-1万/月,嵌入式硬件工程师,广东
西安-国家民用...,国家民用...,西安,西安合丰电子科技有限公司,06-08,10000.0,8000.0,0.8-1万/月,嵌入式硬件工程师,陕西
上海-浦东新区,浦东新区,上海,赫斯默（上海）智能科技有限公司,06-08,25000.0,16666.0,20-30万/年,嵌入式硬件工程师,上海
深圳-南山区,南山区,深圳,福建中科云杉信息技术有限公司,06-08,20000.0,10000.0,1-2万/月,嵌入式硬件工程师,广东
南京-江宁区,江宁区,南京,南京科唯信过程控制有限公司,06-08,12000.0,6000.0,0.6-1.2万/月,嵌入式硬件工程师,江苏
上海-浦东新区,浦东新区,上海,上海嘉瑞微电子有限公司,06-08,15000.0,10000.0,1-1.5万/月,嵌入式硬件工程师,上海
南京-浦口区,浦口区,南京,南京北宇新通科技有限公司,06-08,12000.0,8000.0,0.8-1.2万/月,单片机工程师（嵌入式硬件工程师）,江苏
杭州,NA,杭州,浙江中自庆安新能源技术有限公司,06-08,7000.0,4000.0,4-7千/月,嵌入式硬件工程师,浙江
青岛-城阳区,城阳区,青岛,日世（中国）投资有限公司,06-07,10000.0,5000.0,0.5-1万/月,嵌入式硬件工程师,山东
无锡,NA,无锡,无锡北微传感科技有限公司,06-06,8000.0,5000.0,5-8千/月,嵌入式硬件工程师,江苏
济宁,NA,济宁,济南蓝动激光技术有限公司,06-06,15000.0,10000.0,1-1.5万/月,嵌入式硬件工程师,山东
武汉-东湖新技...,东湖新技...,武汉,中科芯集成电路有限公司,06-06,16666.0,12500.0,15-20万/年,嵌入式硬件工程师（武汉）,湖北
宁波-鄞州区,鄞州区,宁波,宁波小匠物联网科技有限公司,06-06,10000.0,8000.0,0.8-1万/月,嵌入式硬件工程师,浙江
济南,NA,济南,山东派蒙机电技术有限公司,06-06,15000.0,10000.0,1-1.5万/月,嵌入式硬件工程师,山东
上海-青浦区,青浦区,上海,上海智租物流科技有限公司,06-05,30000.0,18000.0,1.8-3万/月,嵌入式硬件工程师,上海
上海-嘉定区,嘉定区,上海,上海威派格智慧水务股份有限公司,06-05,15000.0,8000.0,0.8-1.5万/月,嵌入式硬件工程师,上海
长沙,NA,长沙,三一重卡,06-05,30000.0,15000.0,1.5-3万/月,嵌入式硬件工程师,湖南
深圳-光明新区,光明新区,深圳,深圳市铭华航电工艺技术有限公司,06-05,20000.0,15000.0,1.5-2万/月,嵌入式硬件工程师,广东
南京,NA,南京,江苏安防科技有限公司,06-05,15000.0,10000.0,1-1.5万/月,嵌入式硬件工程师,江苏
深圳-南山区,南山区,深圳,深圳市明栈信息科技有限公司,06-05,11000.0,6000.0,0.6-1.1万/月,嵌入式硬件工程师/助理,广东
绍兴,NA,绍兴,浙江航芯科技有限公司,06-05,20000.0,15000.0,1.5-2万/月,嵌入式硬件工程师,浙江
成都-郫都区,郫都区,成都,四川旱靚电气有限公司,06-04,10000.0,8000.0,0.8-1万/月,嵌入式硬件工程师,四川
苏州,NA,苏州,山东正心医疗科技有限公司,06-04,6666.0,5000.0,6-8万/年,嵌入式硬件工程师助理,江苏
成都-双流区,双流区,成都,中科彭州智慧产业创新中心有限公司...,06-04,12000.0,6000.0,0.6-1.2万/月,嵌入式硬件工程师,四川
常州,NA,常州,常州敏杰电器有限公司,06-04,16666.0,8333.0,10-20万/年,嵌入式硬件工程师,江苏
宁波-鄞州区,鄞州区,宁波,中科美时美课科技（宁波）有限公司...,06-04,8000.0,4500.0,4.5-8千/月,嵌入式硬件工程师,浙江
杭州-下城区,下城区,杭州,杭州华鼎太阳能科技有限公司,06-04,12000.0,8000.0,0.8-1.2万/月,嵌入式硬件工程师,浙江
南京-玄武区,玄武区,南京,南京溯远基因科技有限公司,06-04,15000.0,10000.0,1-1.5万/月,嵌入式硬件工程师,江苏
深圳-福田区,福田区,深圳,深圳市新威尔电子有限公司,06-04,20000.0,10000.0,1-2万/月,嵌入式硬件工程师,广东
南通,NA,南通,江苏德高物联技术有限公司,06-04,6500.0,4500.0,4.5-6.5千/月,嵌入式硬件工程师,江苏
深圳-龙华新区,龙华新区,深圳,中安创科（深圳）技术有限公司,06-03,15000.0,10000.0,1-1.5万/月,嵌入式硬件工程师,广东
青岛-城阳区,城阳区,青岛,长光禹辰信息技术与装备（青岛）有...,06-03,12000.0,7000.0,0.7-1.2万/月,嵌入式硬件工程师,山东
深圳-龙岗区,龙岗区,深圳,深圳市达城威电子科技有限公司,06-03,20000.0,12000.0,1.2-2万/月,嵌入式硬件工程师,广东
临沂,NA,临沂,山东华夏高科信息股份有限公司,06-03,8000.0,6000.0,6-8千/月,嵌入式硬件工程师,山东
无锡-无锡新区,无锡新区,无锡,无锡美驱科技有限公司,06-03,10000.0,8000.0,0.8-1万/月,嵌入式硬件工程师,江苏
深圳-宝安区,宝安区,深圳,深圳市四方电气技术有限公司,06-03,20000.0,15000.0,1.5-2万/月,嵌入式硬件工程师,广东
深圳-南山区,南山区,深圳,深圳云天励飞技术有限公司,06-03,20000.0,10000.0,1-2万/月,嵌入式硬件工程师/YX,广东
广州-天河区,天河区,广州,金税信息技术服务股份有限公司,06-03,25000.0,15000.0,1.5-2.5万/月,嵌入式硬件工程师（中高级）,广东
广州-天河区,天河区,广州,广州掇月信息科技有限公司,06-03,4500.0,3000.0,3-4.5千/月,实习嵌入式硬件工程师,广东
成都,NA,成都,成都阜特科技股份有限公司,06-02,15000.0,8000.0,0.8-1.5万/月,嵌入式硬件工程师,四川
青岛-城阳区,城阳区,青岛,青岛海龙马电子有限公司,06-02,10000.0,4000.0,0.4-1万/月,嵌入式硬件工程师,山东
武汉-武昌区,武昌区,武汉,武汉欣海远航科技研发有限公司,06-02,15000.0,6000.0,0.6-1.5万/月,嵌入式硬件工程师,湖北
天津-南开区,南开区,天津,天津亿拓企业管理咨询有限公司,06-02,15000.0,5000.0,0.5-1.5万/月,嵌入式硬件工程师,天津
大连-高新园区,高新园区,大连,大连凤凰树网络科技有限公司,06-02,6000.0,4500.0,4.5-6千/月,嵌入式硬件工程师（五险双休）,辽宁
西安-长安区,长安区,西安,西安法拉第电子科技有限公司,06-02,10000.0,5000.0,0.5-1万/月,双休 五险一金 嵌入式硬件工程师,陕西
青岛-黄岛区,黄岛区,青岛,青岛钢铁侠科技有限公司,06-02,10000.0,8000.0,0.8-1万/月,嵌入式硬件工程师,山东
西安-长安区,长安区,西安,陕西精度电子科技有限公司,06-02,15000.0,5000.0,0.5-1.5万/月,嵌入式硬件工程师,陕西
长沙,NA,长沙,湖南海森格诺信息技术有限公司,06-02,12500.0,8333.0,10-15万/年,高级嵌入式硬件工程师,湖南
南京-建邺区,建邺区,南京,江苏铠硕信息技术有限公司,06-02,18000.0,13000.0,1.3-1.8万/月,嵌入式硬件工程师,江苏
长沙-望城区,望城区,长沙,长缆电工科技股份有限公司,06-02,8333.0,6666.0,8-10万/年,嵌入式硬件工程师,湖南
宁波,NA,宁波,乐歌人体工学科技股份有限公司,06-02,25000.0,12500.0,15-30万/年,嵌入式硬件工程师,浙江
深圳-福田区,福田区,深圳,深圳市东方时通科技发展有限公司,06-02,10000.0,6000.0,0.6-1万/月,嵌入式硬件工程师（实习）,广东
深圳-宝安区,宝安区,深圳,浙江地芯引力科技有限公司,06-01,24000.0,12000.0,1.2-2.4万/月,嵌入式硬件工程师,广东
深圳-南山区,南山区,深圳,深圳市研赛科技有限公司,06-01,18000.0,15000.0,1.5-1.8万/月,嵌入式硬件工程师,广东
北京-海淀区,海淀区,北京,北京洛诚科技有限公司,06-01,20000.0,15000.0,1.5-2万/月,嵌入式硬件工程师,北京
南京-栖霞区,栖霞区,南京,南京宽诚科技有限公司,06-01,10000.0,8000.0,0.8-1万/月,嵌入式硬件工程师,江苏
上海,NA,上海,上海升川软件开发有限公司,06-01,15000.0,10000.0,1-1.5万/月,嵌入式硬件工程师,上海
佛山,NA,佛山,广东宽普科技股份有限公司,05-31,12000.0,7000.0,0.7-1.2万/月,嵌入式硬件工程师,广东
南京-雨花台区,雨花台区,南京,南京凯奥思数据技术有限公司,05-31,10000.0,8000.0,0.8-1万/月,嵌入式硬件工程师,江苏
深圳-龙华新区,龙华新区,深圳,深圳市晶之上电子科技有限公司,05-31,10000.0,8000.0,0.8-1万/月,嵌入式硬件工程师,广东
上海-闵行区,闵行区,上海,上海明厦物联网科技有限公司,05-31,20000.0,15000.0,1.5-2万/月,嵌入式硬件工程师,上海
广州-天河区,天河区,广州,广州佳和立创科技发展有限公司,05-30,8000.0,6000.0,6-8千/月,嵌入式硬件工程师,广东
长沙-长沙县,长沙县,长沙,航天凯天环保科技股份有限公司,05-30,10000.0,7000.0,0.7-1万/月,嵌入式硬件工程师,湖南
东莞,NA,东莞,广东高谷科技有限公司,05-30,15000.0,8000.0,0.8-1.5万/月,嵌入式硬件工程师,广东
武汉-东湖新技...,东湖新技...,武汉,小驴机器人（武汉）有限公司,05-29,15000.0,10000.0,1-1.5万/月,嵌入式硬件工程师,湖北
杭州-余杭区,余杭区,杭州,杭州为峰智能科技有限公司,05-29,20000.0,10000.0,1-2万/月,嵌入式硬件工程师,浙江
苏州-吴江区,吴江区,苏州,苏州钧舵机器人有限公司,05-29,15000.0,10000.0,1-1.5万/月,嵌入式硬件工程师,江苏
南京-栖霞区,栖霞区,南京,江苏都万电子科技有限公司,05-28,8000.0,6000.0,6-8千/月,嵌入式硬件工程师,江苏
沈阳-浑南区,浑南区,沈阳,辽宁金华泽信息技术服务有限公司,05-28,8000.0,6000.0,6-8千/月,嵌入式硬件工程师,辽宁
杭州-滨江区,滨江区,杭州,杭州天启企业管理有限公司,05-28,20000.0,15000.0,1.5-2万/月,嵌入式硬件工程师,浙江
上海-青浦区,青浦区,上海,上海创力集团股份有限公司,05-28,15000.0,10000.0,1-1.5万/月,嵌入式硬件工程师,上海
济南-高新区,高新区,济南,美核电气（济南）股份有限公司,05-27,15000.0,8000.0,0.8-1.5万/月,嵌入式硬件工程师,山东
广州-黄埔区,黄埔区,广州,广州九图信息科技有限公司,05-27,10000.0,8000.0,0.8-1万/月,嵌入式硬件工程师,广东
天津-津南区,津南区,天津,中航通科技发展（天津）有限公司,05-27,8000.0,6000.0,6-8千/月,嵌入式硬件工程师,天津
西安-高新技术...,高新技术...,西安,陕西瑞迅电子信息技术有限公司,05-27,20000.0,10000.0,1-2万/月,高级嵌入式硬件工程师,陕西
杭州,NA,杭州,杭州臻稀生物科技有限公司,05-27,15000.0,10000.0,1-1.5万/月,002嵌入式硬件工程师,浙江
无锡,NA,无锡,无锡矽鼎科技有限公司,05-26,15000.0,10000.0,1-1.5万/月,嵌入式硬件工程师,江苏
上海-浦东新区,浦东新区,上海,上海鹰钛智能科技有限公司,05-26,15000.0,8000.0,0.8-1.5万/月,嵌入式硬件工程师,上海
上海-松江区,松江区,上海,上海莘翔自动化科技有限公司,05-26,15000.0,10000.0,1-1.5万/月,嵌入式硬件工程师,上海
深圳-福田区,福田区,深圳,深圳市百灵佳科技有限公司,05-26,12000.0,7000.0,0.7-1.2万/月,嵌入式硬件工程师,广东
深圳-南山区,南山区,深圳,深圳市标品电子科技有限公司,05-26,20000.0,15000.0,1.5-2万/月,硬件工程师/嵌入式硬件工程师,广东
深圳-南山区,南山区,深圳,深圳市文德智控科技有限公司,05-26,20000.0,12000.0,1.2-2万/月,嵌入式硬件工程师,广东
益阳,NA,益阳,湖南鼎一致远科技发展有限公司,05-26,15000.0,10000.0,1-1.5万/月,嵌入式硬件工程师,湖南
常州-溧阳市,溧阳市,常州,江苏集能易新能源技术有限公司,05-26,6000.0,4500.0,4.5-6千/月,嵌入式硬件工程师,江苏
合肥,NA,合肥,安徽零点精密机械有限责任公司,05-25,16666.0,12500.0,15-20万/年,嵌入式硬件工程师,安徽
广州-黄埔区,黄埔区,广州,广州敦和信息技术有限公司,05-25,11000.0,8000.0,0.8-1.1万/月,嵌入式硬件工程师,广东
杭州-滨江区,滨江区,杭州,杭州易和互联软件技术有限公司,05-25,20000.0,10000.0,1-2万/月,嵌入式硬件工程师,浙江
济南,NA,济南,德州芯兴电子科技有限公司,05-24,10000.0,8000.0,0.8-1万/月,嵌入式硬件工程师,山东
东莞,NA,东莞,东莞朗勤电子科技有限公司,05-24,10000.0,8000.0,0.8-1万/月,嵌入式硬件工程师,广东
成都,NA,成都,成都普创通信技术股份有限公司,05-23,10000.0,8000.0,0.8-1万/月,嵌入式硬件工程师,四川
北京-海淀区,海淀区,北京,北京众智信安信息技术研究院,05-23,15000.0,10000.0,1-1.5万/月,嵌入式硬件工程师,北京
厦门,NA,厦门,厦门宏发开关设备有限公司,05-23,16666.0,12500.0,15-20万/年,嵌入式硬件工程师,福建
深圳-南山区,南山区,深圳,深圳志蓝技术有限公司,05-23,25000.0,10000.0,1-2.5万/月,嵌入式硬件工程师,广东
杭州-余杭区,余杭区,杭州,杭州云动智能汽车技术有限公司,05-23,15000.0,10000.0,1-1.5万/月,嵌入式硬件工程师,浙江
广州-天河区,天河区,广州,宜通世纪科技股份有限公司,05-23,12000.0,7000.0,0.7-1.2万/月,嵌入式硬件工程师,广东
南京-江宁区,江宁区,南京,南京音飞储存设备（集团）股份有限...,05-23,8000.0,6000.0,6-8千/月,嵌入式硬件工程师,江苏
郑州-中原区,中原区,郑州,郑州诚毅物联网技术有限公司,05-22,12000.0,6000.0,0.6-1.2万/月,嵌入式硬件工程师（物联网）,河南
西安-经济技术...,经济技术...,西安,星展测控科技股份有限公司,05-22,8333.0,6666.0,8-10万/年,嵌入式硬件工程师,陕西
广州-黄埔区,黄埔区,广州,安谷科技股份有限公司,05-21,25000.0,15000.0,1.5-2.5万/月,嵌入式硬件工程师,广东
深圳-南山区,南山区,深圳,深圳旭宏医疗科技有限公司,05-21,30000.0,15000.0,1.5-3万/月,嵌入式硬件工程师,广东
苏州-工业园区,工业园区,苏州,苏州和阳智能制造股份有限公司,05-21,15000.0,6000.0,0.6-1.5万/月,嵌入式硬件工程师,江苏
重庆-渝北区,渝北区,重庆,重庆剑涛科技有限公司,05-21,8000.0,4000.0,4-8千/月,嵌入式硬件工程师,重庆
深圳-南山区,南山区,深圳,深圳市墨知创新科技有限公司,05-21,25000.0,13000.0,1.3-2.5万/月,嵌入式硬件工程师,广东
北京-大兴区,大兴区,北京,通号（北京）轨道工业集团有限公司...,05-20,25000.0,20000.0,2-2.5万/月,轨道交通技术研究院嵌入式硬件工程师,北京
深圳,NA,深圳,毕恩人力资源顾问（深圳）有限公司...,05-20,30000.0,15000.0,1.5-3万/月,资深嵌入式硬件工程师,广东
上海-普陀区,普陀区,上海,上海邦诚电信技术股份有限公司,05-20,15000.0,10000.0,1-1.5万/月,嵌入式硬件工程师,上海
西安,NA,西安,西安奥宇电力科技有限责任公司,05-20,15000.0,9166.0,11-18万/年,嵌入式硬件工程师,陕西
西安,NA,西安,西安睿控创合电子科技有限公司,05-20,6000.0,4500.0,4.5-6千/月,嵌入式硬件工程师,陕西
成都-高新区,高新区,成都,四川瑞霆电力科技有限公司,05-19,15000.0,10000.0,1-1.5万/月,嵌入式硬件工程师,四川
上海-嘉定区,嘉定区,上海,上海潓美医疗科技有限公司,05-19,30000.0,15000.0,1.5-3万/月,嵌入式硬件工程师,上海
北京-海淀区,海淀区,北京,北京中矿信实煤炭科学技术研究院,05-18,15000.0,8000.0,0.8-1.5万/月,嵌入式硬件工程师,北京
上海-黄浦区,黄浦区,上海,上海服泽能源科技有限公司,05-18,8000.0,6000.0,6-8千/月,嵌入式硬件工程师,上海
上海-杨浦区,杨浦区,上海,上海复旦网络信息工程有限公司,05-18,20000.0,15000.0,1.5-2万/月,嵌入式硬件工程师,上海
北京-海淀区,海淀区,北京,北京艾力泰尔信息技术股份有限公司...,05-17,8000.0,5000.0,5-8千/月,初级嵌入式硬件工程师,北京
广州-海珠区,海珠区,广州,广州智丰电气科技有限公司,05-17,8000.0,6000.0,6-8千/月,嵌入式硬件工程师,广东
广州-南沙区,南沙区,广州,广州中国科学院软件应用技术研究所...,05-16,15000.0,8000.0,0.8-1.5万/月,高级嵌入式硬件工程师（中科实数）,广东
南京-玄武区,玄武区,南京,江苏易立电气股份有限公司,05-16,10000.0,6000.0,0.6-1万/月,嵌入式硬件工程师,江苏
天津-滨海新区,滨海新区,天津,天津维晟微科技有限公司,05-16,15000.0,8000.0,0.8-1.5万/月,嵌入式硬件工程师,天津
南昌-青云谱区,青云谱区,南昌,南昌蛋讯电子科技有限公司,05-15,8000.0,6000.0,6-8千/月,嵌入式硬件工程师,江西
上海-青浦区,青浦区,上海,上海颐柏科技股份有限公司,05-15,10000.0,8000.0,0.8-1万/月,嵌入式硬件工程师,上海
武汉-江夏区,江夏区,武汉,武汉朗宇智能科技有限公司,05-15,15000.0,8000.0,0.8-1.5万/月,嵌入式硬件工程师,湖北
上海,NA,上海,上海泗博自动化技术有限公司,05-15,20000.0,7000.0,0.7-2万/月,嵌入式硬件工程师,上海
哈尔滨-南岗区,南岗区,哈尔滨,哈尔滨船海智能装备科技有限公司,05-14,6000.0,4500.0,4.5-6千/月,嵌入式硬件工程师,黑龙江
洛阳,NA,洛阳,中国航天科工集团第二研究院206所,05-14,12500.0,8333.0,10-15万/年,嵌入式硬件工程师,河南
天津-南开区,南开区,天津,天津芯慧鸿业科技发展有限公司,05-14,6000.0,4500.0,4.5-6千/月,嵌入式硬件工程师,天津
苏州-工业园区,工业园区,苏州,中国科学院上海技术物理研究所苏州...,05-14,12000.0,7000.0,0.7-1.2万/月,嵌入式硬件工程师,江苏
杭州-余杭区,余杭区,杭州,杭州赛加得传感器有限公司,05-14,20000.0,15000.0,1.5-2万/月,嵌入式硬件工程师,浙江
南京-雨花台区,雨花台区,南京,南京大得科技有限公司,05-14,6000.0,4500.0,4.5-6千/月,嵌入式硬件工程师,江苏
武汉-东湖新技...,东湖新技...,武汉,北京中宸泓昌科技有限公司,05-13,20000.0,10000.0,1-2万/月,嵌入式硬件工程师,湖北
上海-杨浦区,杨浦区,上海,上海飞智电子科技有限公司,05-13,20000.0,15000.0,1.5-2万/月,嵌入式硬件工程师,上海
南京-雨花台区,雨花台区,南京,南京正泽科技股份有限公司,05-13,24000.0,12000.0,1.2-2.4万/月,嵌入式硬件工程师,江苏
长沙-开福区,开福区,长沙,湖南神通智能股份有限公司,05-13,12000.0,7000.0,0.7-1.2万/月,嵌入式硬件工程师,湖南
宁波-海曙区,海曙区,宁波,威斯巴特科技（宁波）有限公司,05-13,10000.0,8000.0,0.8-1万/月,嵌入式硬件工程师,浙江
深圳,NA,深圳,深圳市禾望电气股份有限公司,05-13,15000.0,8000.0,0.8-1.5万/月,MCU嵌入式硬件工程师,广东
南京-浦口区,浦口区,南京,南京低功耗芯片技术研究院有限公司...,05-12,15000.0,8000.0,0.8-1.5万/月,嵌入式硬件工程师,江苏
保定,NA,保定,保定朗信电子科技有限公司,05-12,15000.0,6000.0,0.6-1.5万/月,嵌入式硬件工程师,河北
郑州-中原区,中原区,郑州,郑州保易付信息技术有限公司,05-11,8000.0,6000.0,6-8千/月,嵌入式硬件工程师,河南
青岛-市北区,市北区,青岛,青岛迈斯智能技术有限公司,05-10,12000.0,6000.0,0.6-1.2万/月,嵌入式硬件工程师,山东
南京,NA,南京,珠海迈锐达科技有限公司,05-09,25000.0,20000.0,2-2.5万/月,嵌入式硬件工程师,江苏
南京-江宁区,江宁区,南京,南京泽海船舶电器设备有限公司,05-08,20000.0,8000.0,0.8-2万/月,嵌入式硬件工程师,江苏
成都,NA,成都,成都易明半导体有限公司,05-07,10000.0,7000.0,0.7-1万/月,嵌入式硬件工程师,四川
东莞-石龙镇,石龙镇,东莞,中科云智孵化器,05-06,15000.0,8000.0,0.8-1.5万/月,嵌入式硬件工程师 （明志维卡软件公司）,广东
无锡-无锡新区,无锡新区,无锡,无锡华控机电科技有限公司,05-06,15000.0,6000.0,0.6-1.5万/月,嵌入式硬件工程师,江苏
上海-静安区,静安区,上海,上海时享周流贸易有限公司,05-06,15000.0,8000.0,0.8-1.5万/月,嵌入式硬件工程师,上海
武汉,NA,武汉,武汉海亿新能源科技有限公司,05-05,15000.0,8000.0,0.8-1.5万/月,嵌入式硬件工程师,湖北
上海-徐汇区,徐汇区,上海,上海梓一测控技术有限公司,05-04,15000.0,8000.0,0.8-1.5万/月,嵌入式硬件工程师,上海
南京-浦口区,浦口区,南京,中科芯集成电路股份有限公司南京分...,05-03,15000.0,10000.0,1-1.5万/月,嵌入式硬件工程师（射频）,江苏
合肥-长丰县,长丰县,合肥,双杰电气合肥有限公司,05-02,16000.0,8000.0,0.8-1.6万/月,嵌入式硬件工程师,安徽
石家庄,NA,石家庄,同辉电子科技股份有限公司,05-02,12000.0,8000.0,0.8-1.2万/月,嵌入式硬件工程师,河北
广州-番禺区,番禺区,广州,广州晶伦自动化设备有限公司,05-01,15000.0,8000.0,0.8-1.5万/月,嵌入式硬件工程师,广东
上海-浦东新区,浦东新区,上海,上海金盏企业管理有限公司,04-30,11000.0,9000.0,0.9-1.1万/月,嵌入式硬件工程师（汽车电子）,上海
宁波-镇海区,镇海区,宁波,中国科学院宁波材料技术与工程研究...,04-30,15000.0,8000.0,0.8-1.5万/月,柔性电子材料与应用技术创新中心 嵌入式硬件工程师,浙江
西安-新城区,新城区,西安,西安山海鲲鸿信息科技有限公司,04-30,6000.0,3500.0,3.5-6千/月,嵌入式硬件工程师,陕西
宁波,NA,宁波,宁波海大物联科技有限公司,04-30,12000.0,8000.0,0.8-1.2万/月,嵌入式硬件工程师,浙江
无锡-滨湖区,滨湖区,无锡,无锡边缘微电子科技有限公司,04-30,14000.0,7000.0,0.7-1.4万/月,嵌入式硬件工程师,江苏
深圳-南山区,南山区,深圳,深圳微希科技有限公司,04-28,20000.0,9000.0,0.9-2万/月,嵌入式硬件工程师,广东
重庆-永川区,永川区,重庆,重庆固高科技长江研究院有限公司,04-28,10000.0,7000.0,0.7-1万/月,嵌入式硬件工程师,重庆
嘉兴,NA,嘉兴,浙江赛思电子科技有限公司,04-28,20000.0,10000.0,1-2万/月,嵌入式硬件工程师,浙江
济南-高新区,高新区,济南,山东万腾电子科技有限公司,04-28,10000.0,5000.0,0.5-1万/月,嵌入式硬件工程师,山东
南京-栖霞区,栖霞区,南京,南京魔迪多维数码科技有限公司,04-27,8000.0,6000.0,6-8千/月,嵌入式硬件工程师,江苏
深圳-宝安区,宝安区,深圳,深圳市猛犸智能有限公司,04-27,25000.0,12500.0,15-30万/年,嵌入式硬件工程师,广东
深圳-宝安区,宝安区,深圳,深圳市几维兔贸易有限公司,04-27,15000.0,7000.0,0.7-1.5万/月,嵌入式硬件工程师,广东
武汉,NA,武汉,武汉昊博科技有限公司,04-27,15000.0,10000.0,1-1.5万/月,资深嵌入式硬件工程师,湖北
西安,NA,西安,陕西天诚软件有限公司,04-26,14000.0,9000.0,0.9-1.4万/月,嵌入式硬件工程师（军工安防方向）,陕西
杭州-西湖区,西湖区,杭州,浙江大学微小卫星研究中心,04-26,15000.0,7000.0,0.7-1.5万/月,嵌入式硬件工程师,浙江
郑州,NA,郑州,河南力安测控科技有限公司,04-26,15000.0,10000.0,1-1.5万/月,嵌入式硬件工程师,河南
南京-秦淮区,秦淮区,南京,中设设计集团股份有限公司,04-25,12500.0,8333.0,10-15万/年,嵌入式硬件工程师,江苏
深圳-南山区,南山区,深圳,深圳市品健电子有限公司,04-24,25000.0,20000.0,2-2.5万/月,嵌入式硬件工程师,广东
西安-高新技术...,高新技术...,西安,陕西金蝌蚪智能科技有限公司,04-24,15000.0,10000.0,1-1.5万/月,嵌入式硬件工程师,陕西
武汉-洪山区,洪山区,武汉,武汉中原电子信息有限公司,04-24,10000.0,8000.0,0.8-1万/月,嵌入式硬件工程师,湖北
苏州,NA,苏州,苏州工业园区新国大研究院,04-22,8000.0,6000.0,6-8千/月,嵌入式硬件工程师,江苏
西安-雁塔区,雁塔区,西安,西安讯捷通光电科技有限公司,04-22,7000.0,5000.0,5-7千/月,嵌入式硬件工程师,陕西
武汉-东湖新技...,东湖新技...,武汉,“高校联盟云春招”特别招聘,04-22,15000.0,10000.0,1-1.5万/月,米字能源 嵌入式硬件工程师,湖北
西安,NA,西安,西安睿控创合电子科技有限公司,04-22,6666.0,5000.0,6-8万/年,嵌入式硬件工程师,陕西
杭州-余杭区,余杭区,杭州,中电海康集团有限公司,04-22,16666.0,12500.0,15-20万/年,高级嵌入式硬件工程师,浙江
深圳-龙岗区,龙岗区,深圳,深圳市新路程人力资源有限公司,04-22,8000.0,6000.0,6-8千/月,嵌入式硬件工程师 月薪8K,广东
成都,NA,成都,成都爱控电子科技有限公司,04-22,8000.0,6000.0,6-8千/月,嵌入式硬件工程师,四川
南京-江宁区,江宁区,南京,力容新能源技术（天津）有限公司,04-21,26000.0,10000.0,1-2.6万/月,嵌入式硬件工程师,江苏
深圳-宝安区,宝安区,深圳,深圳市峰实电子技术有限公司,04-21,8000.0,6000.0,6-8千/月,嵌入式硬件工程师,广东
苏州-工业园区,工业园区,苏州,四零易联（苏州）智能科技有限公司...,04-21,8000.0,6000.0,6-8千/月,嵌入式硬件工程师,江苏
南京-江宁区,江宁区,南京,南京聚特机器人技术有限公司,04-21,15000.0,10000.0,1-1.5万/月,嵌入式硬件工程师,江苏
南京-浦口区,浦口区,南京,南京未来里物联科技有限公司,04-20,15000.0,8000.0,0.8-1.5万/月,嵌入式硬件工程师,江苏
常州-钟楼区,钟楼区,常州,常州明景公司,04-20,15000.0,6000.0,0.6-1.5万/月,嵌入式硬件工程师,江苏
深圳-南山区,南山区,深圳,乐聚（深圳）机器人技术有限公司,04-20,15000.0,8000.0,0.8-1.5万/月,嵌入式硬件工程师,广东
成都-高新区,高新区,成都,四川知周科技有限责任公司,04-20,15000.0,5000.0,0.5-1.5万/月,嵌入式硬件工程师,四川
杭州,NA,杭州,杭州华智超成技术有限公司,04-19,10000.0,8000.0,0.8-1万/月,003嵌入式硬件工程师,浙江
武汉,NA,武汉,武汉邢仪新未来电力科技股份有限公...,06-19,8000.0,6000.0,6-8千/月,嵌入式软件工程师,湖北
广州,NA,广州,广州亚美信息科技有限公司,06-19,25000.0,13000.0,1.3-2.5万/月,嵌入式硬件开发工程师,广东
成都-金牛区,金牛区,成都,成都至诚恒远物联网技术有限公司,06-19,8000.0,6000.0,6-8千/月,嵌入式硬件开发工程师,四川
西安-高新技术...,高新技术...,西安,西安环太科技发展有限公司,06-19,20000.0,10000.0,1-2万/月,嵌入式硬件开发工程师,陕西
广州-黄埔区,黄埔区,广州,广东嘉源环境科技有限公司,06-19,20000.0,15000.0,1.5-2万/月,嵌入式工程师,广东
上海,NA,上海,力新仪器（上海）有限公司,06-19,15000.0,8000.0,0.8-1.5万/月,嵌入式硬件开发工程师,上海
珠海-香洲区,香洲区,珠海,珠海志美智能科技有限公司,06-19,15000.0,10000.0,1-1.5万/月,嵌入式硬件开发工程师,广东
广州-黄埔区,黄埔区,广州,广东安居宝数码科技股份有限公司,06-19,15000.0,8000.0,0.8-1.5万/月,嵌入式硬件开发工程师（研发中心）,广东
杭州-余杭区,余杭区,杭州,杭州爱华仪器有限公司,06-19,15000.0,7000.0,0.7-1.5万/月,嵌入式硬件开发工程师,浙江
天津-西青区,西青区,天津,北京德辰科技股份有限公司,06-19,20000.0,15000.0,1.5-2万/月,嵌入式硬件开发工程师,天津
深圳-南山区,南山区,深圳,东莞中集智能科技有限公司,06-18,12000.0,8000.0,0.8-1.2万/月,嵌入式硬件开发工程师,广东
南京,NA,南京,江苏婷好软件科技有限公司,06-18,6000.0,3500.0,3.5-6千/月,嵌入式硬件开发工程师,江苏
宁波-高新区,高新区,宁波,鹿鸣德昭（杭州）企业咨询有限公司...,06-18,45833.0,25000.0,30-55万/年,ADAS嵌入式硬件开发工程师,浙江
北京-海淀区,海淀区,北京,紫光同芯微电子有限公司,06-18,30000.0,15000.0,1.5-3万/月,嵌入式硬件开发工程师,北京
广州,NA,广州,广州路派电子科技有限公司,06-18,15000.0,8000.0,0.8-1.5万/月,嵌入式硬件开发工程师（招收应届生）,广东
广州-天河区,天河区,广州,广东新源信息技术有限公司,06-18,7000.0,5000.0,5-7千/月,嵌入式硬件开发工程师,广东
广州-天河区,天河区,广州,广州立功科技股份有限公司,06-18,20000.0,12000.0,1.2-2万/月,嵌入式硬件开发工程师,广东
广州-黄埔区,黄埔区,广州,广州再生医学与健康广东省实验室,06-18,20833.0,12500.0,15-25万/年,嵌入式驱动工程师（医疗器械部）,广东
北京-大兴区,大兴区,北京,南京立迈胜机器人有限公司,06-18,30000.0,15000.0,1.5-3万/月,嵌入式硬件开发工程师,北京
杭州-西湖区,西湖区,杭州,浙江意博高科技术有限公司,06-18,22000.0,12000.0,1.2-2.2万/月,高级嵌入式硬件开发工程师,浙江
上海-浦东新区,浦东新区,上海,北软互联（北京）科技有限公司,06-17,19000.0,15000.0,1.5-1.9万/月,嵌入式硬件开发工程师-上海-00054,上海
南京,NA,南京,南微医学科技股份有限公司,06-17,20000.0,15000.0,1.5-2万/月,嵌入式硬件开发工程师,江苏
南京-浦口区,浦口区,南京,南京洛普股份有限公司,06-17,9000.0,7000.0,7-9千/月,ARM嵌入式硬件开发工程师,江苏
北京-昌平区,昌平区,北京,北京禾迅科技有限公司,06-16,15000.0,8000.0,0.8-1.5万/月,嵌入式硬件开发工程师,北京
成都-郫都区,郫都区,成都,四川荣达铁路机车车辆配件制造有限...,06-16,7000.0,3000.0,3-7千/月,嵌入式硬件开发工程师/开发员,四川
杭州-西湖区,西湖区,杭州,杭州立方控股股份有限公司,06-15,12000.0,6000.0,0.6-1.2万/月,嵌入式硬件开发工程师,浙江
深圳-大鹏新区,大鹏新区,深圳,深圳市隆源技术开发有限公司,06-12,27500.0,23333.0,28-33万/年,嵌入式硬件开发工程师,广东
成都,NA,成都,四川新科电子技术工程有限责任公司...,06-12,15000.0,8000.0,0.8-1.5万/月,高级嵌入式硬件开发工程师,四川
西安,NA,西安,西安交通大学空间视觉联合实验室,06-12,8000.0,3000.0,3-8千/月,嵌入式硬件开发工程师,陕西
大连-甘井子区,甘井子区,大连,大连博克斯科技有限公司,06-12,10000.0,8000.0,0.8-1万/月,嵌入式硬件开发工程师,辽宁
北京,NA,北京,京东方科技集团股份有限公司,06-11,20000.0,15000.0,1.5-2万/月,嵌入式硬件开发工程师(J22621),北京
南昌,NA,南昌,南昌欧菲光科技有限公司,06-09,18000.0,10000.0,1-1.8万/月,嵌入式软件/硬件工程师,江西
武汉-江夏区,江夏区,武汉,武汉中和海洋光讯有限公司,06-08,10000.0,7000.0,0.7-1万/月,嵌入式硬件开发工程师,湖北
西安,NA,西安,西安海联石化科技有限公司,06-05,8000.0,5000.0,5-8千/月,嵌入式硬件开发工程师,陕西
深圳-龙岗区,龙岗区,深圳,深圳市纳诺艾医疗科技有限公司,06-05,11000.0,6000.0,0.6-1.1万/月,软件工程师（C，C#，嵌入式）,广东
济南-高新区,高新区,济南,山东山大电力技术股份有限公司,06-05,12500.0,8333.0,10-15万/年,嵌入式硬件开发工程师,山东
大连-高新园区,高新园区,大连,中联高科（大连）实业有限公司,06-02,6000.0,4500.0,4.5-6千/月,嵌入式硬件开发工程师,辽宁
北京-海淀区,海淀区,北京,中国科学院软件研究所,05-29,20000.0,15000.0,1.5-2万/月,高级嵌入式硬件开发工程师,北京
南京-玄武区,玄武区,南京,南京中科盟联信息科技有限公司,05-26,8000.0,6000.0,6-8千/月,嵌入式硬件开发工程师,江苏
苏州,NA,苏州,南京启纬智芯微电子有限公司,05-25,10000.0,6000.0,0.6-1万/月,嵌入式硬件开发工程师,江苏
广州-黄埔区,黄埔区,广州,广州东方电科自动化有限公司,05-25,16000.0,8000.0,0.8-1.6万/月,嵌入式硬件开发工程师,广东
南京-栖霞区,栖霞区,南京,南京齿贝犀科技有限公司,05-24,20000.0,15000.0,1.5-2万/月,嵌入式硬件开发工程师,江苏
武汉-洪山区,洪山区,武汉,光宇锦业（武汉）智能科技有限公司...,05-21,15000.0,10000.0,1-1.5万/月,高级嵌入式硬件开发工程师,湖北
深圳-宝安区,宝安区,深圳,仕若普科技（深圳）有限公司,05-16,18000.0,10000.0,1-1.8万/月,嵌入式硬件开发工程师,广东
南京-秦淮区,秦淮区,南京,江苏微云人工智能有限公司,05-14,16000.0,10000.0,1-1.6万/月,嵌入式软件工程师,江苏
青岛-崂山区,崂山区,青岛,青岛诺安机电科技有限公司,05-13,15000.0,10000.0,1-1.5万/月,嵌入式硬件开发工程师,山东
宁波-象山县,象山县,宁波,浙江孚邦科技有限公司,04-26,20000.0,15000.0,1.5-2万/月,嵌入式硬件开发工程师,浙江
南京-浦口区,浦口区,南京,南京贺普科技有限公司,04-20,15000.0,7000.0,0.7-1.5万/月,嵌入式硬件开发工程师,江苏
北京-通州区,通州区,北京,北京恒科天地矿业测控技术有限公司...,06-18,2000.0,1500.0,1.5-2千/月,嵌入式硬件工程师,北京
武汉-东湖新技...,东湖新技...,武汉,武汉市海联天下物联网有限公司,05-18,3000.0,2000.0,2-3千/月,嵌入式硬件工程师,湖北
成都-武侯区,武侯区,成都,上海金卓网络科技有限公司,05-08,3000.0,2000.0,2-3千/月,嵌入式硬件工程师,四川
嘉兴,NA,嘉兴,麒盛科技股份有限公司,06-19,22000.0,15000.0,1.5-2.2万/月,嵌入式硬件工程师,浙江
南京-浦口区,浦口区,南京,南京特尔驰电子科技有限公司,06-19,12000.0,8000.0,0.8-1.2万/月,嵌入式硬件工程师,江苏
上海-浦东新区,浦东新区,上海,图弘智能科技（上海）有限公司,06-19,25000.0,10000.0,1-2.5万/月,嵌入式硬件工程师,上海
上海-徐汇区,徐汇区,上海,上海肖克利信息科技公司,06-19,9000.0,6000.0,6-9千/月,嵌入式硬件工程师,上海
上海-徐汇区,徐汇区,上海,上海肖克利信息科技公司,06-19,9000.0,6000.0,6-9千/月,嵌入式硬件工程师,上海
上海-徐汇区,徐汇区,上海,上海肖克利信息科技公司,06-19,9000.0,6000.0,6-9千/月,嵌入式硬件工程师,上海
上海-松江区,松江区,上海,上海亿盟电气自动化技术有限公司,06-19,12000.0,7000.0,0.7-1.2万/月,嵌入式硬件工程师,上海
上海-金山区,金山区,上海,上海峰飞航空科技有限公司,06-19,12000.0,9000.0,0.9-1.2万/月,嵌入式硬件工程师,上海
无锡-无锡新区,无锡新区,无锡,无锡菲兰爱尔空气质量技术有限公司...,06-19,20833.0,15000.0,18-25万/年,高级嵌入式硬件工程师,江苏
无锡,NA,无锡,无锡真源科技有限公司,06-19,12000.0,8000.0,0.8-1.2万/月,嵌入式硬件工程师,江苏
福州-鼓楼区,鼓楼区,福州,福州图腾易讯信息技术有限公司,06-19,8000.0,6000.0,6-8千/月,嵌入式硬件工程师,福建
深圳-龙岗区,龙岗区,深圳,深圳市纵维立方科技有限公司,06-19,18000.0,10000.0,1-1.8万/月,嵌入式硬件工程师/电子硬件工程师,广东
东莞-长安镇,长安镇,东莞,广东奥普特科技股份有限公司,06-19,25000.0,15000.0,1.5-2.5万/月,嵌入式硬件工程师（东莞）,广东
武汉,NA,武汉,武汉能钠智能装备技术股份有限公司...,06-19,15000.0,8000.0,0.8-1.5万/月,嵌入式硬件工程师（信号采集设备方向),湖北
成都-高新区,高新区,成都,武汉能钠智能装备技术股份有限公司...,06-19,18000.0,12000.0,1.2-1.8万/月,成都嵌入式硬件工程师(信号方向),四川
苏州-工业园区,工业园区,苏州,苏州固锝电子股份有限公司,06-19,8000.0,6000.0,6-8千/月,嵌入式硬件工程师（集团子公司招聘）,江苏
杭州,NA,杭州,宁波常成企业管理咨询有限公司,06-19,20000.0,15000.0,1.5-2万/月,嵌入式硬件工程师（知名家电公司）,浙江
宁波-慈溪市,慈溪市,宁波,宁波常成企业管理咨询有限公司,06-19,20000.0,15000.0,1.5-2万/月,嵌入式硬件工程师（知名家电公司）,浙江
合肥,NA,合肥,宁波常成企业管理咨询有限公司,06-19,20000.0,15000.0,1.5-2万/月,嵌入式硬件工程师（知名家电公司）,安徽
南昌,NA,南昌,宁波常成企业管理咨询有限公司,06-19,20000.0,15000.0,1.5-2万/月,嵌入式硬件工程师（知名家电公司）,江西
中山,NA,中山,宁波常成企业管理咨询有限公司,06-19,20000.0,15000.0,1.5-2万/月,嵌入式硬件工程师（知名家电公司）,广东
佛山,NA,佛山,宁波常成企业管理咨询有限公司,06-19,20000.0,15000.0,1.5-2万/月,嵌入式硬件工程师（知名家电公司）,广东
无锡,NA,无锡,宁波常成企业管理咨询有限公司,06-19,20000.0,15000.0,1.5-2万/月,嵌入式硬件工程师（知名家电公司）,江苏
上海,NA,上海,宁波常成企业管理咨询有限公司,06-19,20000.0,15000.0,1.5-2万/月,嵌入式硬件工程师（知名家电公司）,上海
无锡,NA,无锡,深圳汉食智能科技有限公司,06-19,12000.0,8000.0,0.8-1.2万/月,嵌入式硬件工程师,江苏
珠海,NA,珠海,珠海朗尔电气有限公司,06-19,20000.0,8000.0,0.8-2万/月,嵌入式硬件工程师,广东
上海-闵行区,闵行区,上海,苏州集畅自动化科技发展有限公司,06-19,10000.0,5000.0,0.5-1万/月,嵌入式硬件工程师,上海
广州-黄埔区,黄埔区,广州,广州道格信息科技有限公司,06-19,20000.0,15000.0,1.5-2万/月,月薪15k嵌入式硬件工程师,广东
西安-雁塔区,雁塔区,西安,西安极光航空航天科技有限公司,06-19,15000.0,10000.0,1-1.5万/月,嵌入式硬件工程师,陕西
广州-天河区,天河区,广州,广东畅视科技有限公司,06-18,20000.0,12000.0,1.2-2万/月,嵌入式硬件工程师,广东
苏州,NA,苏州,苏州三值精密仪器有限公司,06-18,18000.0,10000.0,1-1.8万/月,高级嵌入式硬件工程师,江苏
郑州-郑州航空...,郑州航空...,郑州,郑州润无声物联网技术有限公司,06-18,12000.0,6000.0,0.6-1.2万/月,嵌入式硬件工程师,河南
常州-新北区,新北区,常州,汉宜电子科技（上海）有限公司,06-18,10000.0,8000.0,0.8-1万/月,嵌入式硬件工程师,江苏
广州-黄埔区,黄埔区,广州,迪昆集团,06-18,15000.0,10000.0,1-1.5万/月,月薪12K嵌入式硬件工程师,广东
广州-黄埔区,黄埔区,广州,迪昆集团,06-18,15000.0,10000.0,1-1.5万/月,月薪12K嵌入式硬件工程师,广东
广州-黄埔区,黄埔区,广州,迪昆集团,06-18,15000.0,10000.0,1-1.5万/月,月薪12K嵌入式硬件工程师,广东
广州-黄埔区,黄埔区,广州,迪昆集团,06-18,15000.0,10000.0,1-1.5万/月,月薪12K嵌入式硬件工程师,广东
广州-黄埔区,黄埔区,广州,迪昆集团,06-18,15000.0,10000.0,1-1.5万/月,月薪12K嵌入式硬件工程师,广东
广州-黄埔区,黄埔区,广州,广州市蓝熙信息科技有限公司,06-18,15000.0,10000.0,1-1.5万/月,月薪14k嵌入式硬件工程师,广东
广州-黄埔区,黄埔区,广州,蓝熙集团,06-18,15000.0,10000.0,1-1.5万/月,月薪13k嵌入式硬件工程师,广东
广州-黄埔区,黄埔区,广州,道格集团,06-18,15000.0,10000.0,1-1.5万/月,月薪13K嵌入式硬件工程师,广东
嘉兴,NA,嘉兴,中国科学院声学研究所嘉兴工程中心...,06-18,12000.0,5000.0,0.5-1.2万/月,嵌入式硬件工程师（中心）,浙江
上海-奉贤区,奉贤区,上海,上海羿煜电子科技有限公司,06-18,25000.0,12000.0,1.2-2.5万/月,嵌入式硬件工程师（储能项目）,上海
上海-奉贤区,奉贤区,上海,上海羿煜电子科技有限公司,06-18,16666.0,10833.0,13-20万/年,嵌入式硬件工程师,上海
芜湖,NA,芜湖,安徽华明航空电子系统有限公司,06-18,12000.0,6000.0,0.6-1.2万/月,嵌入式硬件工程师,安徽
芜湖,NA,芜湖,安徽华明航空电子系统有限公司,06-18,10000.0,6000.0,0.6-1万/月,嵌入式硬件工程师（通信工程专业）,安徽
常州,NA,常州,常州市速瑞医疗科技有限公司,06-18,15000.0,10000.0,1-1.5万/月,嵌入式硬件工程师,江苏
深圳-南山区,南山区,深圳,瑞尔声学（深圳）有限公司,06-19,10000.0,6000.0,0.6-1万/月,嵌入式硬件工程师,广东
广州-天河区,天河区,广州,广东汇涛工程科技有限公司,06-18,8000.0,6000.0,6-8千/月,嵌入式硬件工程师,广东
惠州,NA,惠州,上海北林电子技术有限公司,06-18,10000.0,8000.0,0.8-1万/月,嵌入式硬件工程师,广东
杭州-江干区,江干区,杭州,上海北林电子技术有限公司,06-18,15000.0,8000.0,0.8-1.5万/月,嵌入式硬件工程师,浙江
西安-高新技术...,高新技术...,西安,西安普瑞米特科技有限公司,06-18,10000.0,6000.0,0.6-1万/月,嵌入式硬件工程师（MCU方向）,陕西
深圳-光明新区,光明新区,深圳,深圳市英威腾电气股份有限公司,06-18,20833.0,15000.0,18-25万/年,嵌入式硬件工程师(X86架构),广东
珠海,NA,珠海,珠海耀阳电子科技有限公司,06-18,15000.0,8000.0,0.8-1.5万/月,嵌入式硬件工程师,广东
珠海,NA,珠海,珠海耀阳电子科技有限公司,06-18,15000.0,8000.0,0.8-1.5万/月,嵌入式硬件工程师,广东
郑州-郑州航空...,郑州航空...,郑州,郑州润无声物联网技术有限公司,06-18,12000.0,6000.0,0.6-1.2万/月,嵌入式硬件工程师,河南
青岛-城阳区,城阳区,青岛,青岛魁罡铁路装备集团有限公司,06-17,10000.0,7000.0,0.7-1万/月,嵌入式硬件工程师,山东
青岛-城阳区,城阳区,青岛,青岛魁罡铁路装备集团有限公司,06-17,10000.0,7000.0,0.7-1万/月,嵌入式硬件工程师,山东
青岛-城阳区,城阳区,青岛,青岛魁罡铁路装备集团有限公司,06-17,10000.0,7000.0,0.7-1万/月,嵌入式硬件工程师,山东
深圳-南山区,南山区,深圳,深圳市智绘科技有限公司,06-17,50000.0,40000.0,4-5万/月,嵌入式硬件工程师（博士）,广东
济南-高新区,高新区,济南,山东有人信息技术有限公司,06-17,8000.0,6000.0,6-8千/月,嵌入式硬件工程师,山东
上海-闵行区,闵行区,上海,山东有人信息技术有限公司,06-17,16000.0,12000.0,1.2-1.6万/月,嵌入式硬件工程师,上海
济南-高新区,高新区,济南,山东有人信息技术有限公司,06-17,10000.0,7000.0,0.7-1万/月,嵌入式硬件工程师,山东
西安,NA,西安,深圳麦格米特电气股份有限公司,06-17,12000.0,8000.0,0.8-1.2万/月,嵌入式硬件工程师（控制技术）,陕西
杭州-滨江区,滨江区,杭州,浙江东驰科技有限公司,06-17,18000.0,10000.0,1-1.8万/月,嵌入式硬件工程师,浙江
温州,NA,温州,温州国迈科技有限公司,06-17,20000.0,15000.0,1.5-2万/月,嵌入式硬件工程师,浙江
廊坊,NA,廊坊,普若泰克科技发展（北京）有限公司...,06-17,15000.0,10000.0,1-1.5万/月,嵌入式硬件工程师,河北
廊坊,NA,廊坊,普若泰克科技发展（北京）有限公司...,06-17,10000.0,8000.0,0.8-1万/月,嵌入式硬件工程师,河北
南京-雨花台区,雨花台区,南京,江苏大周基业智能科技有限公司,06-16,30000.0,15000.0,1.5-3万/月,高级嵌入式硬件工程师,江苏
南京-玄武区,玄武区,南京,南京根土农业科技有限公司,06-16,20000.0,15000.0,1.5-2万/月,嵌入式硬件工程师,江苏
惠州,NA,惠州,惠州市方唐人科技有限公司,06-16,10000.0,8000.0,0.8-1万/月,嵌入式硬件工程师,广东
南京-溧水区,溧水区,南京,南京东南建筑机电抗震研究院有限公...,06-16,7000.0,5000.0,5-7千/月,嵌入式硬件工程师（初级）,江苏
西安,NA,西安,霍尼韦尔（中国）有限公司,06-16,15000.0,10000.0,1-1.5万/月,嵌入式硬件工程师（高速电路）,陕西
深圳-龙华新区,龙华新区,深圳,深圳市港晟电子有限公司,06-15,20000.0,15000.0,1.5-2万/月,嵌入式硬件工程师,广东
宁波-宁海县,宁海县,宁波,宁波永信汽车部件制造有限公司,06-15,10000.0,8000.0,0.8-1万/月,嵌入式硬件工程师,浙江
郑州-郑州航空...,郑州航空...,郑州,郑州润无声物联网技术有限公司,06-15,12000.0,6000.0,0.6-1.2万/月,嵌入式硬件工程师,河南
郑州-郑州航空...,郑州航空...,郑州,郑州润无声物联网技术有限公司,06-15,12000.0,6000.0,0.6-1.2万/月,嵌入式硬件工程师,河南
上海-浦东新区,浦东新区,上海,上海金脉电子科技有限公司,06-15,10000.0,6000.0,0.6-1万/月,嵌入式硬件工程师（应届生）,上海
上海-嘉定区,嘉定区,上海,菲码（江苏）智能科技有限公司,06-12,10000.0,8000.0,0.8-1万/月,嵌入式硬件工程师,上海
长沙-岳麓区,岳麓区,长沙,长沙智能驾驶研究院有限公司,06-10,20000.0,15000.0,1.5-2万/月,嵌入式硬件工程师,湖南
南京-浦口区,浦口区,南京,南京北宇新通科技有限公司,06-08,16000.0,8000.0,0.8-1.6万/月,嵌入式硬件工程师,江苏
济南-高新区,高新区,济南,济南蓝动激光技术有限公司,06-06,15000.0,10000.0,1-1.5万/月,嵌入式硬件工程师,山东
郑州-郑东新区,郑东新区,郑州,郑州枫华实业股份有限公司,06-05,8000.0,6000.0,6-8千/月,嵌入式硬件工程师/五险一金,河南
上饶,NA,上饶,华东数字医学工程研究院,06-03,20000.0,10000.0,1-2万/月,嵌入式硬件工程师,江西
佛山,NA,佛山,广东宽普科技股份有限公司,05-31,12000.0,7000.0,0.7-1.2万/月,嵌入式硬件工程师,广东
广州-天河区,天河区,广州,广州佳和立创科技发展有限公司,05-30,8000.0,6000.0,6-8千/月,嵌入式硬件工程师(电缆方向),广东
深圳-福田区,福田区,深圳,深圳市百灵佳科技有限公司,05-26,9000.0,7000.0,7-9千/月,嵌入式硬件工程师,广东
深圳-福田区,福田区,深圳,深圳市百灵佳科技有限公司,05-26,7000.0,5000.0,5-7千/月,嵌入式硬件工程师(带薪年假）,广东
北京-海淀区,海淀区,北京,北京众智信安信息技术研究院,05-23,15000.0,10000.0,1-1.5万/月,嵌入式硬件工程师,北京
赣州,NA,赣州,深圳市讯方技术股份有限公司,05-22,8000.0,4000.0,4-8千/月,嵌入式硬件工程师,江西
广州-黄埔区,黄埔区,广州,广州敦和信息技术有限公司,05-21,11000.0,8000.0,0.8-1.1万/月,嵌入式硬件工程师（云山节能）,广东
成都-郫都区,郫都区,成都,四川旱靚电气有限公司,05-21,4500.0,3000.0,3-4.5千/月,嵌入式硬件工程师,四川
无锡,NA,无锡,无锡先导智能装备股份有限公司,05-19,15000.0,10000.0,1-1.5万/月,嵌入式硬件工程师,江苏
深圳-福田区,福田区,深圳,深圳市东方时通科技发展有限公司,05-18,28000.0,18000.0,1.8-2.8万/月,嵌入式硬件工程师,广东
北京-海淀区,海淀区,北京,北京艾力泰尔信息技术股份有限公司...,05-17,15000.0,10000.0,1-1.5万/月,嵌入式硬件工程师,北京
合肥-蜀山区,蜀山区,合肥,北京中宸泓昌科技有限公司,05-13,20000.0,10000.0,1-2万/月,嵌入式硬件工程师,安徽
北京-海淀区,海淀区,北京,北京中宸泓昌科技有限公司,05-13,20000.0,10000.0,1-2万/月,嵌入式硬件工程师,北京
西安-高新技术...,高新技术...,西安,北京中宸泓昌科技有限公司,05-13,20000.0,10000.0,1-2万/月,嵌入式硬件工程师,陕西
上海-徐汇区,徐汇区,上海,浙江航芯科技有限公司,04-28,20000.0,15000.0,1.5-2万/月,嵌入式硬件工程师,上海
武汉,NA,武汉,武汉昊博科技有限公司,04-27,12000.0,8000.0,0.8-1.2万/月,嵌入式硬件工程师,湖北
杭州-西湖区,西湖区,杭州,浙江大学微小卫星研究中心,04-26,15000.0,7000.0,0.7-1.5万/月,嵌入式硬件工程师,浙江
杭州-西湖区,西湖区,杭州,浙江大学微小卫星研究中心,04-26,12000.0,6000.0,0.6-1.2万/月,嵌入式硬件工程师,浙江
杭州-西湖区,西湖区,杭州,浙江大学微小卫星研究中心,04-26,15000.0,7000.0,0.7-1.5万/月,嵌入式硬件工程师,浙江
杭州-西湖区,西湖区,杭州,浙江大学微小卫星研究中心,04-26,15000.0,8000.0,0.8-1.5万/月,嵌入式硬件工程师,浙江
深圳-南山区,南山区,深圳,深圳微希科技有限公司,04-24,25000.0,15000.0,1.5-2.5万/月,高级嵌入式硬件工程师,广东
上海,NA,上海,上海镭隆科技发展有限公司,06-19,20000.0,10000.0,1-2万/月,嵌入式硬件开发工程师(侧重电源开发),上海
合肥-高新区,高新区,合肥,合肥暖流信息科技有限公司,06-19,10000.0,6000.0,0.6-1万/月,嵌入式硬件工程师（可电话视频面试）,安徽
成都-郫都区,郫都区,成都,成都九华圆通科技发展有限公司,06-19,20000.0,10000.0,1-2万/月,嵌入式硬件工程师,四川
株洲,NA,株洲,株洲航飞翔数字系统有限责任公司,06-19,10000.0,6000.0,0.6-1万/月,嵌入式硬件工程师,湖南
深圳,NA,深圳,北京信达电通科技发展有限公司,06-19,20000.0,10000.0,1-2万/月,嵌入式硬件工程师,广东
上海,NA,上海,开能健康科技集团股份有限公司,06-19,25000.0,20000.0,2-2.5万/月,嵌入式硬件工程师,上海
北京,NA,北京,爱思特信息技术（上海）有限公司,06-19,30000.0,20000.0,2-3万/月,嵌入式硬件工程师,北京
常州,NA,常州,江苏常发农业装备股份有限公司,06-19,15000.0,10000.0,1-1.5万/月,嵌入式硬件工程师,江苏
重庆-渝北区,渝北区,重庆,重庆天箭惯性科技股份有限公司,06-19,12000.0,8000.0,0.8-1.2万/月,嵌入式硬件工程师,重庆
杭州-萧山区,萧山区,杭州,杭州塔石物联网科技有限公司,06-19,10000.0,8000.0,0.8-1万/月,嵌入式硬件工程师,浙江
杭州-下城区,下城区,杭州,杭州智方物联科技有限公司,06-19,12000.0,9000.0,0.9-1.2万/月,嵌入式硬件工程师,浙江
上海-徐汇区,徐汇区,上海,上海肖克利信息科技公司,06-19,9000.0,6000.0,6-9千/月,嵌入式硬件工程师,上海
广州-黄埔区,黄埔区,广州,广州市红鹏直升机遥感科技有限公司...,06-19,20000.0,10000.0,1-2万/月,嵌入式硬件工程师,广东
北京-朝阳区,朝阳区,北京,北京金房暖通节能技术股份有限公司...,06-19,12000.0,10000.0,1-1.2万/月,嵌入式硬件工程师,北京
北京-昌平区,昌平区,北京,北京光华荣昌汽车部件有限公司,06-19,15000.0,10000.0,1-1.5万/月,嵌入式硬件工程师,北京
上海-浦东新区,浦东新区,上海,嘉控智能科技（上海）有限公司,06-19,25000.0,10000.0,1-2.5万/月,嵌入式硬件工程师,上海
武汉-洪山区,洪山区,武汉,中船重工（武汉）凌久电子有限责任...,06-19,15000.0,10000.0,12-18万/年,嵌入式硬件工程师,湖北
南京-江宁区,江宁区,南京,南京搜新智能科技有限公司,06-19,8000.0,6000.0,6-8千/月,嵌入式硬件工程师（初级）,江苏
上海-松江区,松江区,上海,上海亿盟电气自动化技术有限公司,06-19,20000.0,12000.0,1.2-2万/月,资深嵌入式硬件工程师,上海
无锡,NA,无锡,无锡真源科技有限公司,06-19,12000.0,8000.0,0.8-1.2万/月,嵌入式硬件工程师,江苏
深圳-南山区,南山区,深圳,深圳市泛海三江电子股份有限公司,06-19,25000.0,14000.0,1.4-2.5万/月,高级嵌入式硬件工程师,广东
上海-金山区,金山区,上海,上海峰飞航空科技有限公司,06-19,15000.0,10000.0,1-1.5万/月,嵌入式硬件工程师,上海
上海-闵行区,闵行区,上海,上海尤顺汽车部件有限公司,06-19,18000.0,10000.0,1-1.8万/月,嵌入式硬件工程师,上海
合肥-高新区,高新区,合肥,科大国创软件股份有限公司,06-19,20000.0,15000.0,1.5-2万/月,贵博新能—嵌入式硬件工程师（BMS）,安徽
武汉-洪山区,洪山区,武汉,广东九博科技股份有限公司,06-19,20000.0,10000.0,1-2万/月,硬件工程师/嵌入式硬件工程师,湖北
广州-海珠区,海珠区,广州,广州织点智能科技有限公司,06-19,16000.0,10000.0,1-1.6万/月,嵌入式硬件工程师,广东
广州-黄埔区,黄埔区,广州,首玺（广州）健康管理有限公司,06-19,15000.0,10000.0,1-1.5万/月,嵌入式硬件工程师,广东
宁波-鄞州区,鄞州区,宁波,浙江大开信息技术有限公司,06-19,15000.0,10000.0,1-1.5万/月,嵌入式硬件工程师,浙江
成都-武侯区,武侯区,成都,成都美迅检测设备有限公司,06-19,8000.0,6000.0,6-8千/月,嵌入式硬件工程师,四川
宁波-高新区,高新区,宁波,宁波海大物联科技有限公司,06-19,12000.0,8000.0,0.8-1.2万/月,嵌入式硬件工程师,浙江
青岛,NA,青岛,青岛佳合泰科控制技术有限公司,06-19,10000.0,5000.0,0.5-1万/月,嵌入式硬件工程师,山东
深圳-南山区,南山区,深圳,杭州承章科技有限公司,06-19,15000.0,10000.0,1-1.5万/月,嵌入式硬件工程师,广东
西安-碑林区,碑林区,西安,绿之能科技,06-19,6000.0,4500.0,4.5-6千/月,嵌入式硬件工程师,陕西
成都-龙泉驿区,龙泉驿区,成都,成都鑫豪斯电子探测技术有限公司,06-19,12000.0,7000.0,0.7-1.2万/月,嵌入式硬件工程师,四川
武汉,NA,武汉,武汉中仪物联技术股份有限公司,06-19,10000.0,5000.0,0.5-1万/月,嵌入式硬件工程师,湖北
上海-杨浦区,杨浦区,上海,上海高凯信息科技有限公司,06-19,13000.0,8000.0,0.8-1.3万/月,嵌入式硬件工程师,上海
无锡-无锡新区,无锡新区,无锡,无锡菲兰爱尔空气质量技术有限公司...,06-19,12500.0,8333.0,10-15万/年,嵌入式硬件工程师,江苏
济南-历城区,历城区,济南,山东领亿智能技术有限公司,06-19,15000.0,10000.0,1-1.5万/月,嵌入式硬件工程师,山东
南京-江宁区,江宁区,南京,工熊智能科技（江苏）有限公司,06-19,10000.0,6000.0,0.6-1万/月,嵌入式硬件工程师,江苏
上海-闵行区,闵行区,上海,上海芯跳科技有限公司,06-19,30000.0,15000.0,1.5-3万/月,嵌入式硬件工程师,上海
深圳-南山区,南山区,深圳,凌阳利华科技（深圳）有限公司,06-19,10000.0,6000.0,0.6-1万/月,嵌入式硬件工程师,广东
南京-雨花台区,雨花台区,南京,江苏中协智能科技有限公司,06-19,15000.0,10000.0,1-1.5万/月,嵌入式硬件工程师,江苏
重庆-渝北区,渝北区,重庆,重庆七腾科技有限公司,06-19,15000.0,8000.0,0.8-1.5万/月,嵌入式硬件工程师,重庆
南京-玄武区,玄武区,南京,南京中科微电子有限公司,06-19,10000.0,8000.0,0.8-1万/月,嵌入式硬件工程师,江苏
杭州,NA,杭州,杭州智光一创科技有限公司,06-19,15000.0,10000.0,1-1.5万/月,嵌入式硬件工程师,浙江
西安-高新技术...,高新技术...,西安,西安睿控创合电子科技有限公司,06-19,16000.0,8000.0,0.8-1.6万/月,嵌入式硬件工程师,陕西
广州-番禺区,番禺区,广州,广州艾可机器人有限公司,06-19,17000.0,7000.0,0.7-1.7万/月,嵌入式硬件工程师,广东
杭州-余杭区,余杭区,杭州,杭州虚现科技有限公司,06-19,20000.0,15000.0,1.5-2万/月,嵌入式硬件工程师,浙江
芜湖,NA,芜湖,西安电子科技大学芜湖研究院,06-19,8000.0,5000.0,5-8千/月,嵌入式硬件工程师,安徽
成都-双流区,双流区,成都,成都安迪生测量有限公司,06-19,7000.0,5000.0,5-7千/月,嵌入式硬件工程师,四川
合肥-蜀山区,蜀山区,合肥,合肥纳核科技有限公司,06-18,15000.0,10000.0,1-1.5万/月,高级嵌入式工程师,安徽
南京-六合区,六合区,南京,南京立迈胜机器人有限公司,06-18,30000.0,15000.0,1.5-3万/月,嵌入式硬件开发工程师,江苏
淮安-清江浦区,清江浦区,淮安,上海北林电子技术有限公司,06-18,8000.0,6000.0,6-8千/月,嵌入式系统开发,江苏
无锡-滨湖区,滨湖区,无锡,无锡市厚德仪表技术研究院有限公司...,06-17,15000.0,10000.0,1-1.5万/月,嵌入式硬件开发工程师,江苏
广州-黄埔区,黄埔区,广州,广东康云多维视觉智能科技有限公司...,06-16,15000.0,8000.0,0.8-1.5万/月,嵌入式硬件开发工程师,广东
上海-嘉定区,嘉定区,上海,菲码（江苏）智能科技有限公司,06-12,15000.0,10000.0,1-1.5万/月,高级嵌入式软件工程师,上海
苏州-工业园区,工业园区,苏州,苏州鸿益丰光电有限公司,06-10,12000.0,6000.0,0.6-1.2万/月,嵌入式软件工程师,江苏
深圳-福田区,福田区,深圳,深圳市百灵佳科技有限公司,05-26,10000.0,8000.0,0.8-1万/月,STM32嵌入式硬件开发工程师,广东
上海-嘉定区,嘉定区,上海,上海潓美医疗科技有限公司,05-19,30000.0,15000.0,1.5-3万/月,高级嵌入式硬件开发工程师,上海
北京,NA,北京,北京农业信息技术研究中心,05-19,12000.0,7000.0,0.7-1.2万/月,嵌入式硬件开发工程师,北京
重庆-渝北区,渝北区,重庆,重庆剑涛科技有限公司,05-18,8000.0,4000.0,4-8千/月,嵌入式软件工程师(安卓方向),重庆
广州-南沙区,南沙区,广州,广州中国科学院软件应用技术研究所...,05-16,15000.0,9000.0,0.9-1.5万/月,嵌入式硬件开发工程师（中科实数）,广东
福州-鼓楼区,鼓楼区,福州,福州图腾易讯信息技术有限公司,06-19,10000.0,8000.0,0.8-1万/月,高级嵌入式硬件工程师,福建
福州-闽侯县,闽侯县,福州,智恒科技股份有限公司,06-19,6000.0,4500.0,4.5-6千/月,嵌入式硬件工程师（氢启）,福建
深圳-南山区,南山区,深圳,深圳中科能投能源有限公司,06-19,15000.0,10000.0,1-1.5万/月,嵌入式硬件工程师,广东
北京-海淀区,海淀区,北京,北京天宇威视科技股份有限公司,06-19,20000.0,10000.0,1-2万/月,单片机嵌入式硬件工程师,北京
深圳-龙岗区,龙岗区,深圳,深圳市纵维立方科技有限公司,06-19,18000.0,10000.0,1-1.8万/月,硬件工程师/嵌入式硬件工程师,广东
宁波,NA,宁波,宁波意恒智能科技有限公司,06-19,20000.0,15000.0,1.5-2万/月,嵌入式电子工程师/嵌入式硬件工程师,浙江
珠海-珠海高新...,珠海高新...,珠海,珠海市四维时代网络科技有限公司,06-19,15000.0,10000.0,1-1.5万/月,嵌入式硬件工程师,广东
广州-黄埔区,黄埔区,广州,广州标旗光电科技发展股份有限公司...,06-19,12500.0,8333.0,10-15万/年,嵌入式硬件工程师,广东
西安,NA,西安,西安亚川电力科技有限公司,06-19,10000.0,6000.0,0.6-1万/月,嵌入式硬件工程师,陕西
西安,NA,西安,西安精准测控有限责任公司,06-19,10000.0,8000.0,0.8-1万/月,嵌入式硬件工程师,陕西
南京-溧水区,溧水区,南京,江苏小桥流水科技股份有限公司,06-19,15000.0,10000.0,1-1.5万/月,嵌入式硬件工程师,江苏
深圳-南山区,南山区,深圳,大族激光智能装备集团有限公司,06-19,20000.0,8000.0,0.8-2万/月,嵌入式硬件工程师,广东
福州-闽侯县,闽侯县,福州,福州康为网络技术有限公司,06-19,9000.0,4000.0,4-9千/月,嵌入式硬件工程师,福建
深圳-南山区,南山区,深圳,深圳沁鑫科技有限公司,06-19,15000.0,10000.0,1-1.5万/月,嵌入式硬件工程师,广东
深圳-龙华新区,龙华新区,深圳,深圳市中广控信息科技有限公司,06-19,20000.0,10000.0,1-2万/月,嵌入式硬件工程师,广东
深圳-宝安区,宝安区,深圳,深圳市凯码时代科技有限公司,06-19,20000.0,10000.0,1-2万/月,嵌入式硬件工程师,广东
广州-番禺区,番禺区,广州,广东亚太天能科技股份有限公司,06-19,15000.0,8000.0,0.8-1.5万/月,嵌入式硬件工程师,广东
北京-大兴区,大兴区,北京,北京星网宇达科技股份有限公司,06-19,15000.0,10000.0,1-1.5万/月,嵌入式硬件工程师（应届硕士可落户）,北京
武汉,NA,武汉,武汉能钠智能装备技术股份有限公司...,06-19,15000.0,10000.0,1-1.5万/月,嵌入式硬件工程师(计算机方向),湖北
深圳-龙华新区,龙华新区,深圳,深圳市康力晟铭液晶电子有限公司,06-19,15000.0,10000.0,1-1.5万/月,嵌入式硬件工程师,广东
成都-高新区,高新区,成都,成都世鼎亿安科技有限公司,06-19,6000.0,4500.0,4.5-6千/月,初级嵌入式硬件工程师,四川
广州-黄埔区,黄埔区,广州,广州征安电子科技有限公司,06-19,10000.0,8000.0,0.8-1万/月,嵌入式硬件工程师,广东
武汉-洪山区,洪山区,武汉,湖北谷瑞特生物技术有限公司,06-19,20000.0,15000.0,1.5-2万/月,嵌入式硬件工程师（武汉）,湖北
无锡-无锡新区,无锡新区,无锡,苏州固锝电子股份有限公司,06-19,8000.0,6000.0,6-8千/月,嵌入式硬件工程师（集团子公司招聘）,江苏
大连,NA,大连,大连明日星科技有限公司,06-19,10000.0,5000.0,0.5-1万/月,嵌入式硬件工程师,辽宁
上海-浦东新区,浦东新区,上海,上海云统信息科技有限公司,06-19,15000.0,8000.0,0.8-1.5万/月,嵌入式硬件工程师,上海
昆明,NA,昆明,云南紫米科技有限公司,06-19,10000.0,8000.0,0.8-1万/月,嵌入式硬件工程师,云南
青岛-城阳区,城阳区,青岛,青岛悟牛智能科技有限公司,06-19,13000.0,8000.0,0.8-1.3万/月,嵌入式硬件工程师,山东
广州-番禺区,番禺区,广州,广州葳尔思克自动化科技有限公司,06-19,10000.0,8000.0,0.8-1万/月,嵌入式硬件工程师,广东
广州-白云区,白云区,广州,广州信盛通信科技有限公司,06-19,20000.0,10000.0,1-2万/月,嵌入式硬件工程师,广东
上海-浦东新区,浦东新区,上海,上海竹格智能传感技术有限公司,06-19,20000.0,10000.0,1-2万/月,嵌入式硬件工程师(工业物联网),上海
上海-闵行区,闵行区,上海,上海昌谷实业有限公司,06-19,15000.0,10000.0,1-1.5万/月,嵌入式硬件工程师,上海
宁波,NA,宁波,宁波清水湾智能技术研究院,06-19,15000.0,8000.0,0.8-1.5万/月,嵌入式硬件工程师,浙江
无锡,NA,无锡,张家港友诚新能源科技股份有限公司...,06-19,10000.0,8000.0,0.8-1万/月,嵌入式硬件工程师,江苏
杭州-滨江区,滨江区,杭州,浙江鼎炬电子科技股份有限公司,06-19,15000.0,6000.0,0.6-1.5万/月,嵌入式硬件工程师,浙江
武汉-洪山区,洪山区,武汉,武汉环达电子科技有限公司,06-19,10000.0,8000.0,0.8-1万/月,嵌入式硬件工程师,湖北
深圳-龙岗区,龙岗区,深圳,深圳市美新特智能装备有限公司,06-19,11000.0,8000.0,0.8-1.1万/月,嵌入式硬件工程师,广东
苏州,NA,苏州,苏州凯普斯企业管理咨询有限公司,06-19,25000.0,16666.0,20-30万/年,嵌入式硬件工程师,江苏
西安-高新技术...,高新技术...,西安,西安林杰电子科技有限公司,06-19,9000.0,5000.0,5-9千/月,嵌入式硬件工程师,陕西
大连-高新园区,高新园区,大连,大连易玛特软件开发中心,06-19,6000.0,4500.0,4.5-6千/月,嵌入式硬件工程师,辽宁
佛山-南海区,南海区,佛山,佛山市南海天富科技有限公司,06-19,18000.0,10000.0,1-1.8万/月,高级嵌入式硬件工程师,广东
温州,NA,温州,宁波常成企业管理咨询有限公司,06-19,20000.0,15000.0,1.5-2万/月,嵌入式硬件工程师（知名家电公司）,浙江
深圳-南山区,南山区,深圳,深圳市富士智能系统有限公司,06-19,12000.0,10000.0,1-1.2万/月,嵌入式硬件工程师,广东
深圳-罗湖区,罗湖区,深圳,深圳市宏济医疗技术开发有限公司,06-19,12000.0,8000.0,0.8-1.2万/月,嵌入式硬件工程师,广东
杭州-西湖区,西湖区,杭州,浙江胄天科技股份有限公司,06-19,15000.0,10000.0,1-1.5万/月,嵌入式硬件工程师,浙江
深圳-南山区,南山区,深圳,深圳市车电网络有限公司,06-19,12000.0,9000.0,0.9-1.2万/月,嵌入式硬件工程师,广东
福州-仓山区,仓山区,福州,福州福光水务科技有限公司,06-19,10000.0,6000.0,0.6-1万/月,嵌入式硬件工程师,福建
杭州-余杭区,余杭区,杭州,浙江海康科技有限公司,06-19,20000.0,12000.0,1.2-2万/月,嵌入式硬件工程师,浙江
武汉-江夏区,江夏区,武汉,武汉瑞立科德斯汽车电子有限责任公...,06-19,10000.0,6000.0,0.6-1万/月,嵌入式硬件工程师,湖北
广州-花都区,花都区,广州,广州市晶密电子有限公司,06-19,12000.0,6000.0,0.6-1.2万/月,嵌入式硬件工程师,广东
深圳-宝安区,宝安区,深圳,深圳市神牛摄影器材有限公司,06-19,18000.0,10000.0,1-1.8万/月,嵌入式硬件工程师,广东
南京-栖霞区,栖霞区,南京,南京高华科技股份有限公司,06-19,12000.0,6000.0,0.6-1.2万/月,嵌入式硬件工程师,江苏
长沙,NA,长沙,湖南三德科技股份有限公司,06-19,12000.0,7000.0,0.7-1.2万/月,嵌入式硬件工程师,湖南
上海-浦东新区,浦东新区,上海,上海贝思特电气有限公司,06-19,18000.0,10000.0,1-1.8万/月,嵌入式硬件工程师/电子工程师/单片机软件开发,上海
武汉-江夏区,江夏区,武汉,武汉南星电力科技有限公司,06-19,10000.0,4000.0,0.4-1万/月,高薪诚聘嵌入式硬件工程师（可招实习生）/包住,湖北
西安-高新技术...,高新技术...,西安,西安格儒电子科技有限公司,06-19,15000.0,10000.0,1-1.5万/月,嵌入式硬件工程师,陕西
深圳-龙华新区,龙华新区,深圳,深圳市佳泰力科技有限公司,06-19,12000.0,7000.0,0.7-1.2万/月,嵌入式硬件工程师,广东
杭州-富阳区,富阳区,杭州,优控智能技术有限公司,06-19,25000.0,16666.0,20-30万/年,嵌入式硬件工程师,浙江
深圳-龙岗区,龙岗区,深圳,深圳市则成电子股份有限公司,06-19,25000.0,20000.0,2-2.5万/月,嵌入式硬件工程师,广东
北京-丰台区,丰台区,北京,新誉集团有限公司,06-19,20000.0,10000.0,1-2万/月,嵌入式硬件工程师,北京
深圳-宝安区,宝安区,深圳,深圳市火王燃器具有限公司中山分公...,06-19,30000.0,20000.0,2-3万/月,嵌入式硬件工程师,广东
西安-雁塔区,雁塔区,西安,西安极光航空航天科技有限公司,06-19,10000.0,8000.0,0.8-1万/月,急招嵌入式硬件工程师,陕西
重庆-九龙坡区,九龙坡区,重庆,重庆清研理工创业谷科技发展有限公...,06-19,15000.0,10000.0,1-1.5万/月,嵌入式硬件工程师,重庆
常州,NA,常州,江苏远传智能科技有限公司,06-19,15000.0,10000.0,1-1.5万/月,嵌入式硬件工程师,江苏
济南-历下区,历下区,济南,济南辰远科技有限公司,06-19,6000.0,4500.0,4.5-6千/月,嵌入式硬件工程师,山东
广州,NA,广州,广州迪澳生物科技有限公司,06-19,20000.0,10000.0,1-2万/月,嵌入式硬件工程师,广东
上海-闵行区,闵行区,上海,上海恩信仪表有限公司,06-19,20000.0,15000.0,1.5-2万/月,嵌入式硬件工程师,上海
深圳-龙岗区,龙岗区,深圳,深圳智人环保科技有限公司,06-19,15000.0,10000.0,1-1.5万/月,嵌入式硬件工程师,广东
深圳-南山区,南山区,深圳,深圳市星砺达科技有限公司,06-19,15000.0,10000.0,1-1.5万/月,嵌入式硬件工程师,广东
深圳-龙华新区,龙华新区,深圳,深圳市祥为测控技术有限公司,06-19,20000.0,15000.0,1.5-2万/月,嵌入式硬件工程师,广东
上海-徐汇区,徐汇区,上海,上海肖可雷电子科技有限公司,06-19,9000.0,6000.0,6-9千/月,嵌入式硬件工程师,上海
苏州-工业园区,工业园区,苏州,苏州简管家物联技术有限公司,06-19,25000.0,10000.0,1-2.5万/月,嵌入式硬件工程师,江苏
郑州-郑州航空...,郑州航空...,郑州,郑州润无声物联网技术有限公司,06-19,12000.0,6000.0,0.6-1.2万/月,嵌入式硬件工程师,河南
南京-玄武区,玄武区,南京,南京国业科技有限公司,06-19,20000.0,10000.0,1-2万/月,嵌入式硬件工程师,江苏
广州-黄埔区,黄埔区,广州,广州通达汽车电气股份有限公司,06-19,14000.0,9000.0,0.9-1.4万/月,嵌入式硬件工程师（高薪诚聘）,广东
上海-浦东新区,浦东新区,上海,丰凯医疗器械（上海）有限公司,06-19,16000.0,11000.0,1.1-1.6万/月,嵌入式硬件工程师,上海
北京-昌平区,昌平区,北京,北京宝德恒瑞科技有限公司,06-19,15000.0,10000.0,1-1.5万/月,嵌入式硬件工程师,北京
天津-北辰区,北辰区,天津,天津华云自控股份有限公司,06-19,10000.0,8000.0,0.8-1万/月,产品研发岗（嵌入式硬件工程师）,天津
郑州-郑东新区,郑东新区,郑州,郑州优碧科技有限公司,06-19,20000.0,10000.0,1-2万/月,嵌入式硬件工程师（五险一金 双休）,河南
南京,NA,南京,南京佳汇科技实业有限公司,06-19,13000.0,6000.0,0.6-1.3万/月,嵌入式硬件工程师,江苏
杭州-滨江区,滨江区,杭州,杭州优特电源有限公司,06-19,15000.0,10000.0,1-1.5万/月,嵌入式硬件工程师,浙江
长沙,NA,长沙,湖南华熠智能工程有限公司,06-19,16666.0,8333.0,10-20万/年,嵌入式硬件工程师,湖南
深圳,NA,深圳,深圳市研成工业技术有限公司,06-19,15000.0,8000.0,0.8-1.5万/月,嵌入式硬件工程师,广东
南京-江宁区,江宁区,南京,南京华兴数控技术有限公司,06-19,20000.0,8000.0,0.8-2万/月,嵌入式硬件工程师,江苏
上海-闵行区,闵行区,上海,上海航天能源股份有限公司,06-19,13000.0,6000.0,0.6-1.3万/月,嵌入式硬件工程师,上海
徐州,NA,徐州,江苏省精创电气股份有限公司,06-19,12000.0,8000.0,0.8-1.2万/月,嵌入式硬件工程师,江苏
长沙,NA,长沙,长沙慧联智能科技有限公司,06-19,13000.0,7000.0,0.7-1.3万/月,急招——嵌入式硬件工程师+双休+五险一金,湖南
深圳,NA,深圳,中科力函（深圳）热声技术有限公司...,06-19,20000.0,10000.0,1-2万/月,嵌入式硬件工程师,广东
武汉,NA,武汉,武汉纤效电子科技有限公司,06-19,8000.0,6000.0,6-8千/月,嵌入式硬件工程师,湖北
苏州,NA,苏州,苏州集畅自动化科技发展有限公司,06-19,10000.0,5000.0,0.5-1万/月,嵌入式硬件工程师,江苏
上海-闵行区,闵行区,上海,上海鲸创电子科技有限公司,06-19,20000.0,15000.0,1.5-2万/月,嵌入式硬件工程师,上海
广州-黄埔区,黄埔区,广州,广州道格信息科技有限公司,06-19,20000.0,15000.0,1.5-2万/月,月薪15k嵌入式硬件工程师,广东
成都,NA,成都,成都贝克森科技发展有限公司,06-18,10000.0,5000.0,0.5-1万/月,嵌入式硬件工程师,四川
深圳-南山区,南山区,深圳,卡莱特(深圳)云科技有限公司,06-18,30000.0,15000.0,1.5-3万/月,嵌入式硬件工程师,广东
西安,NA,西安,西安恒达微波技术开发有限公司,06-18,15000.0,8000.0,0.8-1.5万/月,嵌入式硬件工程师,陕西
合肥-高新区,高新区,合肥,合肥成科电子科技有限公司,06-18,13000.0,8000.0,0.8-1.3万/月,嵌入式硬件工程师,安徽
深圳-南山区,南山区,深圳,深圳市天双科技有限公司,06-18,10000.0,8000.0,0.8-1万/月,嵌入式硬件工程师,广东
贵阳,NA,贵阳,西安晶源科创新能源有限公司,06-18,8000.0,6000.0,6-8千/月,嵌入式硬件工程师,贵州
深圳-宝安区,宝安区,深圳,深圳市新博电科技开发有限公司,06-19,15000.0,7000.0,0.7-1.5万/月,嵌入式硬件工程师,广东
南京-鼓楼区,鼓楼区,南京,江苏庭深网络科技有限公司,06-18,6000.0,4500.0,4.5-6千/月,嵌入式硬件工程师实习生,江苏
上海-松江区,松江区,上海,上海卓思智能科技股份有限公司,06-18,14000.0,9000.0,0.9-1.4万/月,嵌入式硬件工程师,上海
广州,NA,广州,广州天源信息科技股份有限公司,06-18,15000.0,10000.0,1-1.5万/月,嵌入式硬件工程师（物联网）,广东
重庆,NA,重庆,重庆海扶医疗科技股份有限公司,06-18,10000.0,5000.0,0.5-1万/月,嵌入式硬件工程师,重庆
广州-黄埔区,黄埔区,广州,广州蓝仕威克医疗科技有限公司,06-18,25000.0,8000.0,0.8-2.5万/月,嵌入式硬件工程师,广东
北京-大兴区,大兴区,北京,北京长城安创科技有限公司,06-18,15000.0,10000.0,1-1.5万/月,嵌入式硬件工程师,北京
深圳-南山区,南山区,深圳,深圳华侨城卡乐技术有限公司,06-18,20000.0,10000.0,1-2万/月,嵌入式硬件工程师,广东
南京,NA,南京,南京奇蛙智能科技有限公司,06-18,15000.0,10000.0,1-1.5万/月,嵌入式硬件工程师,江苏
杭州,NA,杭州,杭州佳和电气股份有限公司,06-18,10000.0,8000.0,0.8-1万/月,嵌入式硬件工程师,浙江
苏州,NA,苏州,江苏康众数字医疗科技股份有限公司...,06-18,20000.0,10000.0,1-2万/月,嵌入式硬件工程师,江苏
上海-徐汇区,徐汇区,上海,递易（上海）智能科技有限公司,06-18,18000.0,10000.0,1-1.8万/月,嵌入式硬件工程师,上海
苏州-吴江区,吴江区,苏州,苏州默然光电科技有限公司,06-18,15000.0,8000.0,0.8-1.5万/月,嵌入式硬件工程师,江苏
重庆-九龙坡区,九龙坡区,重庆,中芯维康医疗科技（重庆）有限责任...,06-19,15000.0,8000.0,0.8-1.5万/月,嵌入式硬件工程师-zq,重庆
广州-黄埔区,黄埔区,广州,广东省大湾区集成电路与系统应用研...,06-18,20000.0,10000.0,1-2万/月,嵌入式硬件工程师,广东
南通-崇川区,崇川区,南通,江苏德高物联技术有限公司,06-18,6500.0,4500.0,4.5-6.5千/月,嵌入式硬件工程师,江苏
深圳-南山区,南山区,深圳,百富计算机技术（深圳）有限公司,06-18,20000.0,10000.0,1-2万/月,嵌入式硬件工程师 （EMV L1硬件工程师）,广东
南京-浦口区,浦口区,南京,牧星机器人（江苏）有限公司,06-18,20000.0,10000.0,1-2万/月,嵌入式硬件工程师,江苏
广州-番禺区,番禺区,广州,广州中海达卫星导航技术股份有限公...,06-18,15000.0,10000.0,1-1.5万/月,嵌入式硬件工程师(J10303),广东
南京-江宁区,江宁区,南京,江苏中科睿赛污染控制工程有限公司...,06-18,16666.0,10000.0,12-20万/年,嵌入式硬件工程师,江苏
深圳,NA,深圳,深圳市讯方技术股份有限公司,06-18,10000.0,7000.0,0.7-1万/月,嵌入式硬件工程师,广东
广州-海珠区,海珠区,广州,广州星辰热能股份有限公司,06-18,8000.0,6000.0,6-8千/月,嵌入式硬件工程师,广东
上海-嘉定区,嘉定区,上海,上海舜华新能源系统有限公司,06-18,15000.0,10000.0,1-1.5万/月,嵌入式硬件工程师,上海
徐州,NA,徐州,江苏庆亚电子科技有限公司,06-18,10000.0,8000.0,0.8-1万/月,嵌入式硬件工程师,江苏
深圳-南山区,南山区,深圳,木卫智能科技（深圳）有限公司,06-18,15000.0,8000.0,0.8-1.5万/月,嵌入式硬件工程师,广东
西安,NA,西安,西安杰迪能源科技有限公司,06-18,8000.0,4000.0,4-8千/月,嵌入式硬件工程师,陕西
武汉-东湖新技...,东湖新技...,武汉,武汉诺雅光电科技有限公司,06-18,15000.0,5000.0,0.5-1.5万/月,嵌入式硬件工程师,湖北
成都,NA,成都,上海法辰电子科技有限公司,06-18,20000.0,10000.0,1-2万/月,嵌入式硬件工程师,四川
无锡-无锡新区,无锡新区,无锡,辽宁荷紫电子商务有限公司,06-18,12000.0,6000.0,0.6-1.2万/月,无锡嵌入式硬件工程师,江苏
广州,NA,广州,宏图瀛通（广州）人力资源有限公司...,06-18,20000.0,10000.0,1-2万/月,嵌入式硬件工程师,广东
上海-杨浦区,杨浦区,上海,上海芒宇信息科技股份有限公司,06-18,10000.0,8000.0,0.8-1万/月,嵌入式硬件工程师,上海
常州-武进区,武进区,常州,常州华数锦明智能装备技术研究院有...,06-18,15000.0,8000.0,0.8-1.5万/月,嵌入式硬件工程师,江苏
南京,NA,南京,南京金龙客车制造有限公司,06-18,20000.0,12000.0,1.2-2万/月,嵌入式硬件工程师,江苏
常州,NA,常州,常州维格电子有限公司,06-18,8000.0,6000.0,6-8千/月,嵌入式硬件工程师,江苏
苏州,NA,苏州,苏州三值精密仪器有限公司,06-18,12500.0,8333.0,10-15万/年,嵌入式硬件工程师,江苏
杭州,NA,杭州,杭州禾迈电力电子技术有限公司,06-18,10000.0,6000.0,0.6-1万/月,嵌入式硬件工程师,浙江
常州-新北区,新北区,常州,常州三泰科技有限公司,06-18,10000.0,6000.0,0.6-1万/月,嵌入式硬件工程师,江苏
上海-浦东新区,浦东新区,上海,汉宜电子科技（上海）有限公司,06-18,16666.0,8333.0,10-20万/年,嵌入式硬件工程师,上海
宁波-海曙区,海曙区,宁波,宁波工业互联网研究院有限公司,06-19,15000.0,10000.0,1-1.5万/月,嵌入式硬件工程师,浙江
佛山,NA,佛山,广东尚源信息技术有限公司,06-18,10000.0,5000.0,0.5-1万/月,嵌入式硬件工程师,广东
上海-嘉定区,嘉定区,上海,曼茨环境技术（上海）有限公司,06-18,15000.0,8000.0,0.8-1.5万/月,嵌入式硬件工程师,上海
南京,NA,南京,江苏三棱智慧物联发展股份有限公司...,06-18,8000.0,6000.0,6-8千/月,嵌入式硬件工程师,江苏
北京-顺义区,顺义区,北京,北京鸿泰唯亚科技有限公司,06-18,30000.0,20000.0,2-3万/月,嵌入式硬件工程师,北京
深圳-南山区,南山区,深圳,深圳市霍博克电子科技有限公司,06-18,13000.0,8000.0,0.8-1.3万/月,嵌入式硬件工程师,广东
郑州-郑东新区,郑东新区,郑州,河南释码云识别技术研究院有限公司...,06-18,8000.0,6000.0,6-8千/月,嵌入式硬件工程师,河南
深圳-宝安区,宝安区,深圳,深圳市飞思捷跃科技有限公司,06-18,12000.0,8000.0,0.8-1.2万/月,嵌入式硬件工程师,广东
广州-黄埔区,黄埔区,广州,迪昆集团,06-18,15000.0,10000.0,1-1.5万/月,月薪12K嵌入式硬件工程师,广东
广州-黄埔区,黄埔区,广州,广州市蓝熙信息科技有限公司,06-18,15000.0,10000.0,1-1.5万/月,月薪14k嵌入式硬件工程师,广东
长沙,NA,长沙,远大科技集团有限公司,06-18,12000.0,7000.0,0.7-1.2万/月,嵌入式硬件工程师,湖南
深圳-南山区,南山区,深圳,东莞家瑞康医疗科技有限公司,06-18,15000.0,11000.0,1.1-1.5万/月,嵌入式硬件工程师,广东
广州-黄埔区,黄埔区,广州,蓝熙集团,06-18,15000.0,10000.0,1-1.5万/月,月薪13k嵌入式硬件工程师,广东
西安,NA,西安,陕西万方汽车零部件有限公司,06-18,15000.0,10000.0,1-1.5万/月,嵌入式硬件工程师,陕西
广州-黄埔区,黄埔区,广州,道格集团,06-18,15000.0,10000.0,1-1.5万/月,月薪13K嵌入式硬件工程师,广东
无锡,NA,无锡,中船海洋探测技术研究院有限公司,06-18,20000.0,10000.0,1-2万/月,嵌入式硬件工程师,江苏
北京-朝阳区,朝阳区,北京,北京嘉士宝科技有限公司,06-18,12000.0,6000.0,0.6-1.2万/月,嵌入式硬件工程师,北京
杭州-拱墅区,拱墅区,杭州,浙江东胜物联技术有限公司,06-18,15000.0,10000.0,1-1.5万/月,嵌入式硬件工程师-软库科技,浙江
成都,NA,成都,成都颐和电子科技有限责任公司,06-18,6000.0,4500.0,4.5-6千/月,嵌入式硬件工程师,四川
成都-双流区,双流区,成都,成都易韵科技有限公司,06-18,15000.0,10000.0,1-1.5万/月,嵌入式硬件工程师,四川
成都-武侯区,武侯区,成都,成都戎星科技有限公司,06-18,10000.0,4000.0,0.4-1万/月,嵌入式硬件工程师,四川
嘉兴,NA,嘉兴,中国科学院声学研究所嘉兴工程中心...,06-18,12000.0,5000.0,0.5-1.2万/月,嵌入式硬件工程师（公司）,浙江
上海-奉贤区,奉贤区,上海,上海羿煜电子科技有限公司,06-18,25000.0,12000.0,1.2-2.5万/月,嵌入式硬件工程师（逆变器/智能电源）,上海
杭州-余杭区,余杭区,杭州,浙江禾川科技股份有限公司,06-18,20000.0,11000.0,1.1-2万/月,嵌入式硬件工程师,浙江
沈阳-沈北新区,沈北新区,沈阳,沈阳火炬北泰数码科技有限责任公司...,06-18,8000.0,6000.0,6-8千/月,嵌入式硬件工程师,辽宁
成都-高新区,高新区,成都,成都精位科技有限公司,06-18,12000.0,6000.0,0.6-1.2万/月,嵌入式硬件工程师,四川
深圳-龙岗区,龙岗区,深圳,深圳市中天明消防科技有限公司,06-18,12000.0,10000.0,1-1.2万/月,嵌入式硬件工程师,广东
深圳-宝安区,宝安区,深圳,西昊家具（深圳）有限公司,06-18,15000.0,10000.0,1-1.5万/月,嵌入式硬件工程师,广东
深圳-南山区,南山区,深圳,深圳阜时科技有限公司,06-18,18000.0,12000.0,1.2-1.8万/月,嵌入式硬件工程师,广东
上海-闵行区,闵行区,上海,上海润桂荇信息科技股份有限公司,06-18,15000.0,8000.0,0.8-1.5万/月,嵌入式硬件工程师,上海
上海,NA,上海,上海司羿智能科技有限公司,06-18,17000.0,14000.0,1.4-1.7万/月,嵌入式硬件工程师,上海
成都-武侯区,武侯区,成都,成都华泰互联科技有限公司,06-18,8000.0,6000.0,6-8千/月,嵌入式硬件工程师,四川
上海-嘉定区,嘉定区,上海,上海磐诺仪器有限公司,06-18,10000.0,8000.0,0.8-1万/月,嵌入式硬件工程师,上海
深圳-宝安区,宝安区,深圳,深圳市世格赛思医疗科技有限公司,06-18,18000.0,8000.0,0.8-1.8万/月,嵌入式硬件工程师,广东
深圳-南山区,南山区,深圳,广东卓纬科技有限公司,06-19,20000.0,10000.0,1-2万/月,嵌入式硬件工程师,广东
上海-宝山区,宝山区,上海,上海康达卡勒幅医疗科技有限公司,06-18,15000.0,10000.0,1-1.5万/月,嵌入式硬件工程师,上海
深圳,NA,深圳,北京独创时代科技有限公司,06-19,15000.0,10000.0,1-1.5万/月,嵌入式硬件工程师,广东
成都-高新区,高新区,成都,成都思源兄弟科技有限公司,06-18,10000.0,8000.0,0.8-1万/月,嵌入式硬件工程师,四川
北京-海淀区,海淀区,北京,赤松城（北京）科技有限公司,06-18,15000.0,8000.0,0.8-1.5万/月,嵌入式硬件工程师,北京
上海,NA,上海,上海贝电实业（集团）股份有限公司...,06-18,16000.0,11000.0,1.1-1.6万/月,嵌入式硬件工程师,上海
西安,NA,西安,西安先驱电子科技有限公司,06-18,6000.0,4500.0,4.5-6千/月,嵌入式硬件工程师,陕西
无锡,NA,无锡,无锡锡自电力自动化系统有限公司,06-18,25000.0,20000.0,2-2.5万/月,嵌入式硬件工程师,江苏
上海-闵行区,闵行区,上海,上海翼捷工业安全设备股份有限公司...,06-18,20000.0,15000.0,1.5-2万/月,高级嵌入式硬件工程师,上海
成都-武侯区,武侯区,成都,成都菲斯洛克电子技术有限公司,06-18,8000.0,6000.0,6-8千/月,嵌入式硬件工程师,四川
上海-浦东新区,浦东新区,上海,常州市速瑞医疗科技有限公司,06-18,20000.0,15000.0,1.5-2万/月,嵌入式硬件工程师,上海
东莞-樟木头镇,樟木头镇,东莞,深圳市宏发芯创电子科技有限公司,06-18,8000.0,6000.0,6-8千/月,嵌入式硬件工程师,广东
重庆-渝北区,渝北区,重庆,上海晨昆实业有限公司,06-18,18000.0,9000.0,0.9-1.8万/月,嵌入式硬件工程师,重庆
佛山-南海区,南海区,佛山,广东若铂智能机器人有限公司,06-18,20000.0,10000.0,1-2万/月,嵌入式硬件工程师,广东
上海-静安区,静安区,上海,上海上实龙创智能科技股份有限公司...,06-18,15000.0,12000.0,1.2-1.5万/月,嵌入式硬件工程师,上海
珠海,NA,珠海,珠海奔图电子有限公司,06-18,8000.0,6000.0,6-8千/月,嵌入式硬件工程师,广东
深圳-南山区,南山区,深圳,深圳成川医疗有限公司,06-18,18000.0,12000.0,1.2-1.8万/月,嵌入式硬件工程师,广东
深圳-龙岗区,龙岗区,深圳,深圳市宝利根精密仪器有限公司,06-18,15000.0,8000.0,0.8-1.5万/月,高级嵌入式硬件工程师,广东
杭州-滨江区,滨江区,杭州,杭州宇树科技有限公司,06-19,26000.0,15000.0,1.5-2.6万/月,嵌入式硬件工程师,浙江
成都-武侯区,武侯区,成都,成都翰东科技有限公司,06-18,9000.0,6000.0,6-9千/月,嵌入式硬件工程师,四川
上海-普陀区,普陀区,上海,上海天奥信息科技有限公司,06-18,12500.0,8333.0,10-15万/年,嵌入式硬件工程师,上海
武汉-东湖新技...,东湖新技...,武汉,中山联合光电科技股份有限公司,06-18,15000.0,10000.0,1-1.5万/月,嵌入式硬件工程师,湖北
深圳-龙岗区,龙岗区,深圳,深圳市南科芯微电子有限公司,06-18,15000.0,12000.0,1.2-1.5万/月,嵌入式硬件工程师,广东
南京-浦口区,浦口区,南京,瑞尔声学（深圳）有限公司,06-19,10000.0,5000.0,0.5-1万/月,嵌入式硬件工程师,江苏
北京,NA,北京,北京双竞科技有限公司,06-18,10000.0,6000.0,0.6-1万/月,嵌入式硬件工程师,北京
上海,NA,上海,上海镭隆科技发展有限公司,06-18,25000.0,12000.0,1.2-2.5万/月,高级嵌入式硬件工程师,上海
深圳,NA,深圳,广州市吉灏电子有限公司,06-18,50000.0,10000.0,1-5万/月,嵌入式硬件工程师,广东
南京-浦口区,浦口区,南京,江苏东大集成电路系统工程技术有限...,06-18,12000.0,7000.0,0.7-1.2万/月,嵌入式硬件工程师,江苏
深圳-宝安区,宝安区,深圳,深圳赛尔智控科技有限公司,06-18,30000.0,20000.0,2-3万/月,嵌入式硬件工程师,广东
上海-浦东新区,浦东新区,上海,上海士翌测试技术有限公司,06-18,15000.0,8000.0,0.8-1.5万/月,嵌入式硬件工程师,上海
西安,NA,西安,西安君晖航空科技有限公司,06-18,12000.0,8000.0,0.8-1.2万/月,嵌入式硬件工程师,陕西
深圳-坪山区,坪山区,深圳,深圳市曼恩斯特科技有限公司,06-18,12000.0,8000.0,0.8-1.2万/月,嵌入式硬件工程师,广东
苏州,NA,苏州,苏州倍安电子科技有限公司,06-18,15000.0,8000.0,0.8-1.5万/月,嵌入式硬件工程师,江苏
无锡,NA,无锡,凯乐士科技有限公司,06-18,12000.0,8000.0,0.8-1.2万/月,嵌入式硬件工程师,江苏
宁波-北仑区,北仑区,宁波,宁波保税区立诚信息技术有限公司,06-18,15000.0,8000.0,0.8-1.5万/月,嵌入式硬件工程师,浙江
合肥-经开区,经开区,合肥,哈工大机器人集团合肥有限公司,06-18,15000.0,8000.0,0.8-1.5万/月,嵌入式硬件工程师（邻泰）,安徽
佛山-顺德区,顺德区,佛山,广东汇涛工程科技有限公司,06-18,8000.0,6000.0,6-8千/月,嵌入式硬件工程师,广东
青岛-崂山区,崂山区,青岛,上海北林电子技术有限公司,06-18,8000.0,6000.0,6-8千/月,嵌入式硬件工程师,山东
广州-番禺区,番禺区,广州,广州珠江云峰投资控股有限公司,06-18,15000.0,10000.0,1-1.5万/月,嵌入式硬件工程师,广东
杭州-滨江区,滨江区,杭州,杭州研智科技有限公司,06-18,20000.0,8000.0,0.8-2万/月,嵌入式硬件工程师,浙江
苏州-工业园区,工业园区,苏州,苏州锐讯生物科技有限公司,06-18,20000.0,8000.0,0.8-2万/月,嵌入式硬件工程师,江苏
深圳-光明新区,光明新区,深圳,深圳市振邦智能科技股份有限公司,06-18,15000.0,8000.0,0.8-1.5万/月,嵌入式硬件工程师,广东
西安-高新技术...,高新技术...,西安,西安普瑞米特科技有限公司,06-18,10000.0,6000.0,0.6-1万/月,嵌入式硬件工程师,陕西
深圳-光明新区,光明新区,深圳,深圳市英威腾电气股份有限公司,06-18,16666.0,12500.0,15-20万/年,嵌入式硬件工程师,广东
上海-徐汇区,徐汇区,上海,上海瑞立柯信息技术有限公司,06-19,12500.0,8333.0,10-15万/年,嵌入式硬件工程师,上海
武汉-洪山区,洪山区,武汉,湖北英特搏智能机器有限公司,06-18,12000.0,9000.0,0.9-1.2万/月,嵌入式硬件工程师,湖北
上海-闵行区,闵行区,上海,浙江智昌机器人科技有限公司,06-18,15000.0,8000.0,0.8-1.5万/月,嵌入式硬件工程师,上海
广州-黄埔区,黄埔区,广州,京信通信系统（中国）有限公司,06-18,20000.0,10000.0,1-2万/月,嵌入式硬件工程师,广东
沈阳-和平区,和平区,沈阳,沈阳中康医疗科技有限公司,06-18,15000.0,8000.0,0.8-1.5万/月,嵌入式硬件工程师,辽宁
沈阳-苏家屯区,苏家屯区,沈阳,辽宁航宇星物联仪表科技有限公司,06-18,8000.0,4000.0,4-8千/月,嵌入式硬件工程师,辽宁
青岛-崂山区,崂山区,青岛,北京亮城科技有限公司,06-18,8000.0,6000.0,6-8千/月,嵌入式硬件工程师,山东
南京-江宁区,江宁区,南京,南京能瑞电力科技有限公司,06-18,20000.0,15000.0,1.5-2万/月,嵌入式硬件工程师,江苏
深圳,NA,深圳,深圳邦健生物医疗设备股份有限公司...,06-18,15000.0,10000.0,1-1.5万/月,嵌入式硬件工程师,广东
福州-马尾区,马尾区,福州,福建星云电子股份有限公司,06-18,35000.0,25000.0,2.5-3.5万/月,嵌入式硬件工程师,福建
深圳-龙岗区,龙岗区,深圳,深圳坚朗海贝斯智能科技有限公司,06-18,8000.0,5000.0,5-8千/月,嵌入式硬件工程师,广东
常州-新北区,新北区,常州,常州新思维电子股份有限公司,06-18,15000.0,10000.0,1-1.5万/月,嵌入式硬件工程师,江苏
杭州-萧山区,萧山区,杭州,浙江圣奥家具制造有限公司,06-18,15000.0,10000.0,1-1.5万/月,嵌入式硬件工程师,浙江
上海-松江区,松江区,上海,上海浩也光电科技有限公司,06-18,15000.0,10000.0,1-1.5万/月,嵌入式硬件工程师,上海
上海-徐汇区,徐汇区,上海,上海科华生物工程股份有限公司,06-18,23333.0,18666.0,22.4-28万/年,嵌入式硬件工程师,上海
长沙-岳麓区,岳麓区,长沙,长沙创客电子有限公司,06-18,15000.0,10000.0,1-1.5万/月,嵌入式硬件工程师,湖南
深圳-南山区,南山区,深圳,深圳市昂科数字技术股份有限公司,06-18,25000.0,10000.0,1-2.5万/月,嵌入式硬件工程师,广东
深圳,NA,深圳,深圳市鸿睿物联科技发展有限公司,06-18,12000.0,8000.0,0.8-1.2万/月,嵌入式硬件工程师,广东
深圳-福田区,福田区,深圳,矽磊科技（香港）有限公司 NEURON...,06-18,20000.0,15000.0,1.5-2万/月,嵌入式硬件工程师,广东
成都-高新区,高新区,成都,宁波翌达科技有限公司,06-18,8000.0,6000.0,6-8千/月,嵌入式硬件工程师,四川
上海-青浦区,青浦区,上海,上海豫兴电子科技有限公司,06-17,30000.0,6000.0,0.6-3万/月,嵌入式硬件工程师,上海
广州-番禺区,番禺区,广州,贵州小糊涂仙酒业有限公司,06-17,15000.0,10000.0,1-1.5万/月,嵌入式硬件工程师,广东
武汉-武昌区,武昌区,武汉,武汉互创联合科技有限公司,06-17,8333.0,6250.0,7.5-10万/年,嵌入式硬件工程师,湖北
长沙,NA,长沙,长沙华时捷环保科技发展股份有限公...,06-17,8000.0,5000.0,5-8千/月,嵌入式硬件工程师,湖南
重庆-江北区,江北区,重庆,重庆举宇科技有限公司,06-17,8000.0,3500.0,3.5-8千/月,嵌入式硬件工程师,重庆
广州-天河区,天河区,广州,广州南方卫星导航仪器有限公司,06-17,14000.0,7000.0,0.7-1.4万/月,嵌入式硬件工程师,广东
深圳-南山区,南山区,深圳,精达科技研发（深圳）有限公司,06-17,20000.0,13000.0,1.3-2万/月,嵌入式硬件工程师,广东
绵阳,NA,绵阳,四川零点自动化系统有限公司,06-17,10000.0,8000.0,0.8-1万/月,嵌入式硬件工程师,四川
青岛-城阳区,城阳区,青岛,青岛魁罡铁路装备集团有限公司,06-17,10000.0,7000.0,0.7-1万/月,嵌入式硬件工程师,山东
上海-浦东新区,浦东新区,上海,上海华新乐器有限公司,06-17,8000.0,6000.0,6-8千/月,嵌入式硬件工程师,上海
南京-江宁区,江宁区,南京,南大傲拓科技江苏股份有限公司,06-17,30000.0,15000.0,1.5-3万/月,嵌入式硬件工程师,江苏
北京-丰台区,丰台区,北京,北京三清智库科技开发有限公司,06-17,20000.0,12000.0,1.2-2万/月,嵌入式硬件工程师,北京
长沙-长沙县,长沙县,长沙,湖南银河电气有限公司,06-17,13000.0,10000.0,1-1.3万/月,嵌入式硬件工程师,湖南
深圳-南山区,南山区,深圳,深圳市智绘科技有限公司,06-17,20000.0,10000.0,1-2万/月,嵌入式硬件工程师,广东
杭州-西湖区,西湖区,杭州,杭州凌石信息技术有限公司,06-17,15000.0,10000.0,1-1.5万/月,嵌入式硬件工程师,浙江
常州-武进区,武进区,常州,上海何如自控技术有限公司,06-17,8000.0,6000.0,6-8千/月,嵌入式硬件工程师,江苏
杭州,NA,杭州,杭州安费诺飞凤通信部品有限公司,06-17,25000.0,15000.0,1.5-2.5万/月,嵌入式硬件工程师,浙江
南昌-青山湖区,青山湖区,南昌,江西旭锋光电技术有限公司,06-17,10000.0,8000.0,0.8-1万/月,嵌入式硬件工程师,江西
镇江,NA,镇江,镇江赛尔尼柯自动化有限公司,06-17,12000.0,6000.0,0.6-1.2万/月,嵌入式硬件工程师（电子产品）,江苏
珠海-香洲区,香洲区,珠海,珠海领跑电气有限公司,06-17,12500.0,10000.0,12-15万/年,嵌入式硬件工程师,广东
南京-浦口区,浦口区,南京,南京能启能电子科技有限公司,06-17,17000.0,8000.0,0.8-1.7万/月,嵌入式硬件工程师 双休 年终奖,江苏
西安-雁塔区,雁塔区,西安,北京轩宇信息技术有限公司,06-17,15000.0,10000.0,1-1.5万/月,嵌入式硬件工程师（西安）,陕西
成都-高新区,高新区,成都,成都恒锐智科数字技术有限公司,06-17,20000.0,5000.0,0.5-2万/月,嵌入式硬件工程师,四川
深圳-宝安区,宝安区,深圳,深圳把把智能科技有限公司,06-17,20000.0,10000.0,1-2万/月,嵌入式硬件工程师,广东
成都,NA,成都,四川神琥科技有限公司,06-17,15000.0,9000.0,0.9-1.5万/月,嵌入式硬件工程师,四川
天津-滨海新区,滨海新区,天津,浙江大学滨海产业技术研究院,06-17,16000.0,8000.0,0.8-1.6万/月,高级嵌入式硬件工程师,天津
杭州-西湖区,西湖区,杭州,浙江闪铸三维科技有限公司,06-17,20000.0,10000.0,1-2万/月,嵌入式硬件工程师,浙江
无锡-无锡新区,无锡新区,无锡,无锡华普微电子有限公司,06-17,12000.0,7000.0,0.7-1.2万/月,嵌入式硬件工程师,江苏
武汉-东湖新技...,东湖新技...,武汉,凯德斯环保科技(烟台)有限公司,06-17,20000.0,15000.0,1.5-2万/月,嵌入式硬件工程师/主管,湖北
宁波-鄞州区,鄞州区,宁波,宁波聚华光学科技有限公司,06-17,11000.0,7000.0,0.7-1.1万/月,嵌入式硬件工程师,浙江
南京-溧水区,溧水区,南京,南京星掣信息技术有限公司,06-17,15000.0,10000.0,1-1.5万/月,嵌入式硬件工程师,江苏
成都,NA,成都,常州易控汽车电子股份有限公司,06-17,12000.0,8000.0,0.8-1.2万/月,嵌入式硬件工程师,四川
温州,NA,温州,金卡智能集团股份有限公司,06-17,8000.0,4000.0,4-8千/月,嵌入式硬件工程师,浙江
深圳-南山区,南山区,深圳,亿柏国际科技(深圳)有限公司,06-17,20000.0,10000.0,1-2万/月,嵌入式硬件工程师,广东
深圳-南山区,南山区,深圳,深圳市华辰联创科技有限公司,06-17,8000.0,5000.0,5-8千/月,嵌入式硬件工程师、硬件工程师 自动控制工程师,广东
武汉-江夏区,江夏区,武汉,中科天工（武汉）智能技术有限公司...,06-17,12000.0,9000.0,0.9-1.2万/月,嵌入式硬件工程师,湖北
南京,NA,南京,南京创优科技有限责任公司,06-17,20000.0,10000.0,1-2万/月,嵌入式硬件工程师,江苏
武汉-洪山区,洪山区,武汉,山东有人信息技术有限公司,06-17,10000.0,6000.0,0.6-1万/月,嵌入式硬件工程师,湖北
南京-江宁区,江宁区,南京,江苏大烨物联科技有限公司,06-17,20000.0,10000.0,1-2万/月,嵌入式硬件工程师,江苏
南京,NA,南京,南京未来里物联科技有限公司,06-17,15000.0,10000.0,1-1.5万/月,嵌入式硬件工程师,江苏
武汉-洪山区,洪山区,武汉,武汉中航传感技术有限责任公司,06-17,11000.0,7000.0,0.7-1.1万/月,嵌入式硬件工程师,湖北
武汉-东西湖区,东西湖区,武汉,千里马机械供应链股份有限公司,06-17,15000.0,10000.0,1-1.5万/月,嵌入式硬件工程师,湖北
深圳-南山区,南山区,深圳,深圳市善行医疗科技有限公司,06-17,20000.0,12000.0,1.2-2万/月,资深嵌入式硬件工程师,广东
西安-高新技术...,高新技术...,西安,西安金源电气股份有限公司,06-17,12000.0,6000.0,0.6-1.2万/月,嵌入式硬件工程师,陕西
苏州-吴江区,吴江区,苏州,博众精工科技股份有限公司,06-17,15000.0,10000.0,1-1.5万/月,嵌入式硬件工程师,江苏
深圳,NA,深圳,深圳麦格米特电气股份有限公司,06-17,20000.0,10000.0,1-2万/月,嵌入式硬件工程师（光电传感方向）,广东
南京-秦淮区,秦淮区,南京,江苏苏威尔科技有限公司,06-17,10000.0,6000.0,0.6-1万/月,嵌入式硬件工程师,江苏
杭州-滨江区,滨江区,杭州,浙江东驰科技有限公司,06-17,15000.0,10000.0,1-1.5万/月,嵌入式硬件工程师（驻场）,浙江
深圳-龙华新区,龙华新区,深圳,深圳市博铭维智能科技有限公司,06-17,20000.0,15000.0,1.5-2万/月,嵌入式硬件工程师,广东
佛山-顺德区,顺德区,佛山,博纳德集团,06-17,15000.0,10000.0,1-1.5万/月,嵌入式硬件工程师,广东
长沙-长沙县,长沙县,长沙,湖南长城医疗科技有限公司,06-17,12000.0,8000.0,0.8-1.2万/月,嵌入式硬件工程师,湖南
成都-武侯区,武侯区,成都,成都银河思亩特数字技术有限公司,06-17,8000.0,6000.0,6-8千/月,嵌入式硬件工程师,四川
合肥-蜀山区,蜀山区,合肥,上海绿联软件股份有限公司,06-17,20000.0,10000.0,1-2万/月,嵌入式硬件工程师,安徽
上海-闵行区,闵行区,上海,天鲜配（上海）科技有限公司,06-17,30000.0,25000.0,2.5-3万/月,嵌入式硬件工程师,上海
苏州,NA,苏州,山东大学苏州研究院,06-17,16666.0,10833.0,13-20万/年,嵌入式硬件工程师,江苏
深圳,NA,深圳,深圳市广和通无线股份有限公司,06-17,15000.0,10000.0,1-1.5万/月,嵌入式硬件工程师,广东
珠海-珠海高新...,珠海高新...,珠海,珠海华伟电气科技股份有限公司,06-17,15000.0,8000.0,0.8-1.5万/月,嵌入式硬件工程师,广东
广州-荔湾区,荔湾区,广州,广州市天眼互联网科技有限公司,06-17,15000.0,6000.0,0.6-1.5万/月,嵌入式硬件工程师,广东
深圳,NA,深圳,深圳市中安视达科技有限公司,06-17,12000.0,7000.0,0.7-1.2万/月,嵌入式硬件工程师,广东
廊坊,NA,廊坊,普若泰克科技发展（北京）有限公司...,06-17,8000.0,6000.0,6-8千/月,嵌入式硬件工程师助理,河北
湘潭,NA,湘潭,湖南千智机器人科技发展有限公司,06-17,12000.0,6000.0,0.6-1.2万/月,嵌入式硬件工程师,湖南
深圳-龙华新区,龙华新区,深圳,深圳市创想三维科技有限公司,06-17,25000.0,20000.0,2-2.5万/月,嵌入式硬件工程师,广东
无锡,NA,无锡,无锡影速半导体科技有限公司,06-17,10000.0,8000.0,0.8-1万/月,嵌入式硬件工程师,江苏
苏州,NA,苏州,苏州中民辐安仪器有限公司,06-17,15000.0,10000.0,1-1.5万/月,嵌入式硬件工程师,江苏
上海-浦东新区,浦东新区,上海,北京纳米维景科技有限公司,06-16,25000.0,10000.0,1-2.5万/月,嵌入式硬件工程师,上海
南京-雨花台区,雨花台区,南京,江苏大周基业智能科技有限公司,06-16,15000.0,8000.0,0.8-1.5万/月,嵌入式硬件工程师（中级）,江苏
南京-玄武区,玄武区,南京,南京根土农业科技有限公司,06-16,20000.0,10000.0,1-2万/月,嵌入式硬件工程师,江苏
西安,NA,西安,西安亚能电气有限责任公司,06-16,20000.0,12000.0,1.2-2万/月,嵌入式硬件工程师,陕西
广州-黄埔区,黄埔区,广州,广东康云多维视觉智能科技有限公司...,06-16,18000.0,10000.0,1-1.8万/月,嵌入式硬件工程师,广东
上海-宝山区,宝山区,上海,上海企想信息技术有限公司,06-16,8000.0,6000.0,6-8千/月,嵌入式硬件工程师,上海
南京,NA,南京,南京东屋电气有限公司,06-16,15000.0,10000.0,1-1.5万/月,嵌入式硬件工程师,江苏
苏州-工业园区,工业园区,苏州,江苏若临物联科技有限公司,06-16,12000.0,8000.0,0.8-1.2万/月,嵌入式硬件工程师,江苏
南京-浦口区,浦口区,南京,中科芯集成电路股份有限公司,06-16,15000.0,10000.0,1-1.5万/月,嵌入式硬件工程师（射频）,江苏
广州-南沙区,南沙区,广州,广州紫川电子科技有限公司,06-16,20000.0,7000.0,0.7-2万/月,嵌入式硬件工程师,广东
东莞-松山湖区,松山湖区,东莞,广东普门生物医疗科技有限公司,06-16,12000.0,8000.0,0.8-1.2万/月,嵌入式硬件工程师,广东
南京-溧水区,溧水区,南京,南京东南建筑机电抗震研究院有限公...,06-16,15000.0,8000.0,0.8-1.5万/月,嵌入式硬件工程师,江苏
深圳,NA,深圳,深圳市合元科技有限公司,06-16,20000.0,15000.0,1.5-2万/月,嵌入式硬件工程师,广东
温州,NA,温州,浙江奔一电气有限公司,06-16,12000.0,10000.0,1-1.2万/月,嵌入式硬件工程师,浙江
北京,NA,北京,北京瑞赛长城航空测控技术有限公司...,06-16,12000.0,6000.0,0.6-1.2万/月,嵌入式硬件工程师,北京
杭州-滨江区,滨江区,杭州,浙江康立自控科技有限公司,06-16,15000.0,10000.0,1-1.5万/月,嵌入式硬件工程师,浙江
武汉-洪山区,洪山区,武汉,武汉飞恩微电子有限公司,06-16,10000.0,3000.0,0.3-1万/月,嵌入式硬件工程师,湖北
上海-松江区,松江区,上海,上海金网通信技术发展有限公司,06-16,15000.0,8000.0,0.8-1.5万/月,嵌入式硬件工程师,上海
珠海,NA,珠海,珠海康晋电气股份有限公司,06-16,20000.0,10000.0,1-2万/月,嵌入式硬件工程师,广东
长沙-岳麓区,岳麓区,长沙,北京华电云通电力技术有限公司,06-16,20000.0,10000.0,1-2万/月,嵌入式硬件工程师（双休+入职五险一金+旅游+体检）,湖南
青岛,NA,青岛,北京外企人力资源服务青岛有限公司...,06-16,15000.0,10000.0,1-1.5万/月,嵌入式硬件工程师,山东
西安-雁塔区,雁塔区,西安,霍尼韦尔（中国）有限公司,06-16,16666.0,12500.0,15-20万/年,嵌入式硬件工程师,陕西
南昌,NA,南昌,江西飞尚科技有限公司,06-16,15000.0,5000.0,0.5-1.5万/月,嵌入式硬件工程师,江西
杭州-滨江区,滨江区,杭州,堃博生物科技（上海）有限公司,06-16,15000.0,7000.0,0.7-1.5万/月,Broncus-嵌入式硬件工程师（蒸汽消融）,浙江
西安-未央区,未央区,西安,西安聚能仪器有限公司,06-16,12000.0,4000.0,0.4-1.2万/月,嵌入式硬件工程师,陕西
西安-高新技术...,高新技术...,西安,西安锦威电子科技有限公司,06-16,15000.0,8000.0,0.8-1.5万/月,硬件工程师/嵌入式硬件工程师,陕西
上海-松江区,松江区,上海,上海朝辉压力仪器有限公司,06-19,15000.0,8000.0,0.8-1.5万/月,嵌入式硬件工程师,上海
广州-番禺区,番禺区,广州,广州老店长互联网科技有限公司,06-16,15000.0,10000.0,1-1.5万/月,嵌入式硬件工程师,广东
长沙,NA,长沙,长沙万为机器人有限公司,06-16,15000.0,10000.0,1-1.5万/月,嵌入式硬件工程师,湖南
